trainingDate,distance,isCompetition,isIndoor,totalStraw,totalBlazon,totalElastic,totalVisual,totalCounted,totalArrows,weather,wind,temperature,feeling,timeSpentMinutes,timeSpentMinutesStrength,timeSpentMinutesHolding,competitionPleasure,competitionGoalReached,intensity,id
2002-10-05,18,1,1,0,0,0,0,60,60,4,4,,6,,,,,,,wAXtBlCAsWyKVaHk6RgK
2002-10-19,18,1,1,0,0,0,0,60,60,4,4,,6,,,,,,,EKvXpVFnECImjgYMZL0L
2002-10-27,18,1,1,0,0,0,0,60,60,4,4,,6,,,,,,,E3EAgXgd6cRs1FM5RlEf
2002-11-02,18,1,1,0,0,0,0,60,60,4,4,,6,,,,,,,fFV86CwUaLd2Ely9R8EB
2002-11-09,18,1,1,0,0,0,0,60,60,4,4,,6,,,,,,,ZugJdXRi4fckDcfsFSS2
2002-11-16,18,1,1,0,0,0,0,60,60,4,4,,6,,,,,,,MDG51NJqfQAP67f5ZbLB
2002-11-23,18,1,1,0,0,0,0,60,60,4,4,,6,,,,,,,M8WjPJ6e8WHKvqS13mpL
2002-12-07,18,1,1,0,0,0,0,60,60,4,4,,6,,,,,,,xp8rJ1y033kjEtcasFGH
2002-12-14,18,1,1,0,0,0,0,60,60,4,4,,6,,,,,,,QUyb8GHirwTo2JChYtkP
2003-01-11,18,1,1,0,0,0,0,60,60,4,4,,6,,,,,,,sdEWgMU3O5eMcJ2V55Pb
2003-01-25,18,1,1,0,0,0,0,60,60,4,4,,6,,,,,,,vAcYT6NxuIlZg3HsKQuC
2003-02-01,18,1,1,0,0,0,0,60,60,4,4,,6,,,,,,,uiIDU8k0NlPMzEM514aH
2003-02-21,18,1,1,0,0,0,0,60,60,4,4,,6,,,,,,,7PfyAHfi2foN7GRhIDB3
2003-05-18,60,1,0,0,0,0,0,72,72,4,4,,6,,,,,,,VvlYWq8EFW2bd8XWdLtx
2003-06-01,60,1,0,0,0,0,0,72,72,4,4,,6,,,,,,,hDpFenmt0OpiigTuJL2n
2003-06-08,60,1,0,0,0,0,0,72,72,4,4,,6,,,,,,,SvTnPNewHNKtgJcRQzKg
2003-07-06,60,1,0,0,0,0,0,72,72,4,4,,6,,,,,,,AdPvpGpI48pK4ryOUUir
2003-07-11,60,1,0,0,0,0,0,72,72,4,4,,6,,,,,,,0IZO12aVTAbNUIbBMpsO
2003-07-19,60,1,0,0,0,0,0,72,72,4,4,,6,,,,,,,whGLgkL0MbH9KgwO6wZ7
2003-10-11,18,1,1,0,0,0,0,60,60,4,4,,6,,,,,,,7PweUh83zRT8qyqhyI2J
2003-10-18,18,1,1,0,0,0,0,60,60,4,4,,6,,,,,,,f1EuBLp8pUqXvhtDcG01
2003-11-01,18,1,1,0,0,0,0,60,60,4,4,,6,,,,,,,09vJx6mp1XMBeRaRPu13
2003-11-08,18,1,1,0,0,0,0,60,60,4,4,,6,,,,,,,V7oTC3awBvxDGFwAtUVa
2003-11-15,18,1,1,0,0,0,0,60,60,4,4,,6,,,,,,,m2Bp9LpZW3S9TjvUYc35
2003-11-22,18,1,1,0,0,0,0,60,60,4,4,,6,,,,,,,O5TlUq8A6sinKW0zv7dU
2003-12-06,18,1,1,0,0,0,0,60,60,4,4,,6,,,,,,,byV2BCoUHdYieAjIUnZu
2003-12-13,18,1,1,0,0,0,0,60,60,4,4,,6,,,,,,,XRgyD0buTeP1tamUrChg
2003-12-20,18,1,1,0,0,0,0,60,60,4,4,,6,,,,,,,mNFsZ6BmdmahUf5ksz6P
2004-01-03,18,1,1,0,0,0,0,60,60,4,4,,6,,,,,,,WOJHJCrKidOHOsZcmpLO
2004-01-10,18,1,1,0,0,0,0,60,60,4,4,,6,,,,,,,OKJQuIEfzqhrLaqCErCG
2004-01-16,18,1,1,0,0,0,0,60,60,4,4,,6,,,,,,,8y2IwllJNl7ZzWtTzxM4
2004-01-24,18,1,1,0,0,0,0,60,60,4,4,,6,,,,,,,xRrScc3iaYlHxpRijU1X
2004-02-07,18,1,1,0,0,0,0,60,60,4,4,,6,,,,,,,jxGUemrZxkRzF2YyiNZ3
2004-02-20,18,1,1,0,0,0,0,60,60,4,4,,6,,,,,,,2sODK8dlCRvdr1dXSWJJ
2004-04-25,60,1,0,0,0,0,0,72,72,4,4,,6,,,,,,,6H92zGb0fBROdeLD3K8O
2004-05-01,60,1,0,0,0,0,0,72,72,4,4,,6,,,,,,,t1VvALb6y4Ogbbn1jbRX
2004-05-08,60,1,0,0,0,0,0,72,72,4,4,,6,,,,,,,Zi6v4KqccF4jqEOrHG59
2004-05-15,60,1,0,0,0,0,0,72,72,4,4,,6,,,,,,,GqoTCgFMaX5upMTcrevW
2004-05-16,50,1,0,0,0,0,0,72,72,4,4,,6,,,,,,,GgGm3AF05PG0YLnmN0dH
2004-05-22,50,1,0,0,0,0,0,144,144,4,4,,6,,,,,,,ATPKynOv22hiKfT91UEW
2004-05-29,50,1,0,0,0,0,0,72,72,4,4,,6,,,,,,,1YU30BUJblJneeKFWGCE
2004-05-31,60,1,0,0,0,0,0,72,72,4,4,,6,,,,,,,uDL0egVHID4GYybe6FYu
2004-06-06,60,1,0,0,0,0,0,144,144,4,4,,6,,,,,,,QT6XM8eoOQMEzN4iZS7K
2004-06-27,60,1,0,0,0,0,0,72,72,4,4,,6,,,,,,,1Nv5i0c9C7K6tsF1893P
2004-07-03,50,1,0,0,0,0,0,72,72,4,4,,6,,,,,,,GpkSyq5bvgE9pUEdZPCY
2004-07-15,60,1,0,0,0,0,0,72,72,4,4,,6,,,,,,,Pl6AgVRpUHggMS00kqog
2004-07-24,70,1,0,0,0,0,0,72,72,4,4,,6,,,,,,,S27INmcoM6lvhLSknfBU
2004-08-27,50,1,0,0,0,0,0,72,72,4,4,,6,,,,,,,HE5dr5y0wbWVGNPMeTvf
2004-11-13,18,1,1,0,0,0,0,60,60,4,4,,6,,,,,,,4otIYcp3kCgYUlf7T63m
2004-12-11,18,1,1,0,0,0,0,120,120,4,4,,6,,,,,,,EIUkhioafrzabaMLV9zK
2004-12-18,18,1,1,0,0,0,0,60,60,4,4,,6,,,,,,,1bCylmZJuUCZyO5ZY3N8
2005-01-08,18,1,1,0,0,0,0,60,60,4,4,,6,,,,,,,ssVi38NBcAb6d66slYtF
2005-01-15,18,1,1,0,0,0,0,60,60,4,4,,6,,,,,,,jL0heWt5Azyt8qXuDS8G
2005-02-11,18,1,1,0,0,0,0,60,60,4,4,,6,,,,,,,JCl3wWxVSzn50V7l2wGu
2005-04-23,70,1,0,0,0,0,0,72,72,4,4,,6,,,,,,,cOFPp1l60HdWI86La0X6
2005-04-30,70,1,0,0,0,0,0,144,144,4,4,,6,,,,,,,rSmjmYv8SCyyP4lG1ShT
2005-05-14,70,1,0,0,0,0,0,72,72,4,4,,6,,,,,,,afRJwyIJMSBZ1ZcHSMpa
2005-05-21,70,1,0,0,0,0,0,72,72,4,4,,6,,,,,,,x5yjwcU0UCCdyEthQOze
2005-06-04,70,1,0,0,0,0,0,72,72,4,4,,6,,,,,,,jXr5WNuQ76kKdriaB7oZ
2005-06-05,70,1,0,0,0,0,0,72,72,4,4,,6,,,,,,,MTS594BxkB5d11DYdvnP
2005-06-11,70,1,0,0,0,0,0,72,72,4,4,,6,,,,,,,wLFnxSJO9VJwL6F2FjFC
2005-06-18,70,1,0,0,0,0,0,72,72,4,4,,6,,,,,,,7Oh9aocoPE6aLPLiGeaC
2005-06-26,70,1,0,0,0,0,0,72,72,4,4,,6,,,,,,,62xDIbZPF9C7sxlgfJvu
2005-07-01,70,1,0,0,0,0,0,72,72,4,4,,6,,,,,,,AM6Bs4DK2mR6oDpNA4MG
2005-07-16,70,1,0,0,0,0,0,72,72,4,4,,6,,,,,,,2HF2tuULXEA171Gz5WAg
2005-07-28,70,1,0,0,0,0,0,72,72,4,4,,6,,,,,,,jtdu7NHyMNnEbfhYoKcx
2005-08-21,70,1,0,0,0,0,0,72,72,4,4,,6,,,,,,,9LKbDk25olNKpTi4Mf7J
2005-09-10,50,1,0,0,0,0,0,72,72,4,4,,6,,,,,,,fpigL6ttTpaKNt2HikIx
2005-10-08,18,1,1,0,0,0,0,60,60,4,4,,6,,,,,,,m2sC9UP0mpVPHgdPqD3p
2005-10-15,18,1,1,0,0,0,0,60,60,4,4,,6,,,,,,,ysjwPvVWRKgkDA3KaCo2
2005-10-22,18,1,1,0,0,0,0,60,60,4,4,,6,,,,,,,OggMNU1RgXVXIVJwDGeC
2005-10-29,18,1,1,0,0,0,0,60,60,4,4,,6,,,,,,,MDDmolzUHCLQEUkwkCjr
2005-11-05,18,1,1,0,0,0,0,60,60,4,4,,6,,,,,,,oYLLRCf6gMe1t9PdZBEQ
2005-11-12,18,1,1,0,0,0,0,60,60,4,4,,6,,,,,,,9rSYakw8a97QcmpAbeZ3
2005-11-19,18,1,1,0,0,0,0,60,60,4,4,,6,,,,,,,l5n5jnO1QNs6o6En0JCn
2005-12-03,18,1,1,0,0,0,0,120,120,4,4,,6,,,,,,,RCICljYfluA6lPCurUGY
2005-12-10,18,1,1,0,0,0,0,120,120,4,4,,6,,,,,,,nFSuKJcnYGDU8mSOizrd
2005-12-17,18,1,1,0,0,0,0,60,60,4,4,,6,,,,,,,0gwpYCzDRyVOc2ZEKwfl
2006-01-08,18,1,1,0,0,0,0,60,60,4,4,,6,,,,,,,QWqyNC1ALyKXWk4Sud11
2006-01-14,18,1,1,0,0,0,0,60,60,4,4,,6,,,,,,,QsLBwsLPHZUBcbtcyf5u
2006-01-21,18,1,1,0,0,0,0,60,60,4,4,,6,,,,,,,lCMgQX1zfgBdSulVsnRF
2006-01-28,18,1,1,0,0,0,0,60,60,4,4,,6,,,,,,,JB3tey0EYeKZGZvxQA23
2006-02-04,18,1,1,0,0,0,0,60,60,4,4,,6,,,,,,,lzQSOgTaLgeg8qsc8F84
2006-02-11,18,1,1,0,0,0,0,60,60,4,4,,6,,,,,,,rXo0trO1qZjhvnc5lLEF
2006-03-04,18,1,1,0,0,0,0,60,60,4,4,,6,,,,,,,WQ0kpbAZlsxwv59NGBa1
2006-03-18,18,1,1,0,0,0,0,60,60,4,4,,6,,,,,,,VJRx9IWgFEOc6EJHWIVg
2006-04-22,70,1,0,0,0,0,0,72,72,4,4,,6,,,,,,,vG9NayiiZP8YUZ0BwZq5
2006-04-29,70,1,0,0,0,0,0,180,180,4,4,,6,,,,,,,1BE0sht0tGebwD90feCZ
2006-05-27,70,1,0,0,0,0,0,72,72,4,4,,6,,,,,,,eZPASH7KGXDeCJY7fRGw
2006-06-03,70,1,0,0,0,0,0,144,144,4,4,,6,,,,,,,q3ltxHFEC8RLh94VqusG
2006-06-17,70,1,0,0,0,0,0,72,72,4,4,,6,,,,,,,2JqNeCJebQN98Y3YxnAY
2006-06-18,50,1,0,0,0,0,0,72,72,4,4,,6,,,,,,,XLJyOnL4eTd5MR37Juzb
2006-06-24,70,1,0,0,0,0,0,72,72,4,4,,6,,,,,,,DEmRbgl249WZKc6J1QDS
2006-07-01,70,1,0,0,0,0,0,144,144,4,4,,6,,,,,,,F8KyvTYktxnBsvyqU1kC
2006-07-08,70,1,0,0,0,0,0,72,72,4,4,,6,,,,,,,Z08e7GhA6aBjuNz94PXp
2006-07-22,70,1,0,0,0,0,0,72,72,4,4,,6,,,,,,,UoyDMQo3CCdZsUQAOhw5
2006-07-27,70,1,0,0,0,0,0,72,72,4,4,,6,,,,,,,xjO3YpxYceFiBZ4pkwvN
2006-08-22,70,1,0,0,0,0,0,72,72,4,4,,6,,,,,,,4n1tjAiDEBRodTRuKAKT
2006-08-26,50,1,0,0,0,0,0,72,72,4,4,,6,,,,,,,Mgapx09alkNBupdj53hu
2006-10-28,18,1,1,0,0,0,0,120,120,4,4,,6,,,,,,,Gc0tN6cXvrkbQ1AnW35f
2006-11-04,18,1,1,0,0,0,0,60,60,4,4,,6,,,,,,,C8x9mK0iuCV8YXWrAHqp
2006-11-11,18,1,1,0,0,0,0,60,60,4,4,,6,,,,,,,ToWow7iT34frd67XntG1
2006-11-18,18,1,1,0,0,0,0,60,60,4,4,,6,,,,,,,luskXSg3y9iJ6Tug1Un6
2006-11-25,18,1,1,0,0,0,0,180,180,4,4,,6,,,,,,,fgjS0rooaKtLVyc7wE0M
2006-12-02,18,1,1,0,0,0,0,60,60,4,4,,6,,,,,,,zaFF84WqyKepqbAG0qG4
2006-12-16,18,1,1,0,0,0,0,60,60,4,4,,6,,,,,,,1MeyUqVvwkkkT31HhNV2
2007-01-06,18,1,1,0,0,0,0,120,120,4,4,,6,,,,,,,NCzr15hLE45lIrUOTbKq
2007-01-20,18,1,1,0,0,0,0,60,60,4,4,,6,,,,,,,RZ15qCqcC5CSvWq0vpa6
2007-01-27,18,1,1,0,0,0,0,60,60,4,4,,6,,,,,,,ownYUy6DFD4rRWkK13vp
2007-02-03,18,1,1,0,0,0,0,120,120,4,4,,6,,,,,,,sDP0OAnaYBUoDfrjNJez
2007-02-10,18,1,1,0,0,0,0,60,60,4,4,,6,,,,,,,H87w8zJzbmUzblxznZ18
2007-02-17,18,1,1,0,0,0,0,60,60,4,4,,6,,,,,,,CQwfOuVuqxO44fhIBVGX
2007-03-02,18,1,1,0,0,0,0,60,60,4,4,,6,,,,,,,b0LSqzz3SOZxWlXTFEdX
2007-04-14,70,1,0,0,0,0,0,144,144,4,4,,6,,,,,,,8xPBDe0YxD0oelREN222
2007-04-28,70,1,0,0,0,0,0,72,72,4,4,,6,,,,,,,IGMJT1ebTC1J4b7sOe35
2007-05-05,50,1,0,0,0,0,0,72,72,4,4,,6,,,,,,,IWre7axPfiRHMKfsfmcY
2007-05-19,70,1,0,0,0,0,0,72,72,4,4,,6,,,,,,,zCJATwuyCDDfhGiSzcpM
2007-06-09,70,1,0,0,0,0,0,216,216,4,4,,6,,,,,,,xRZAGWm2ZCshazglcQBF
2007-06-16,70,1,0,0,0,0,0,72,72,4,4,,6,,,,,,,v9BQIWAfzklYIQPsOow2
2007-06-23,70,1,0,0,0,0,0,72,72,4,4,,6,,,,,,,FoLz5SorxS4BzP7Hbjqp
2007-07-22,50,1,0,0,0,0,0,72,72,4,4,,6,,,,,,,ODK7tZTA2rLquLwGrMnK
2007-07-28,70,1,0,0,0,0,0,72,72,4,4,,6,,,,,,,hx9ViCulgQoBr8pXU0Bq
2007-08-05,50,1,0,0,0,0,0,72,72,4,4,,6,,,,,,,aHfV8xnAxGzxPAtDPxbJ
2007-08-12,70,1,0,0,0,0,0,72,72,4,4,,6,,,,,,,vPtUxDb9kJyS2tjEzb6Y
2007-08-19,50,1,0,0,0,0,0,72,72,4,4,,6,,,,,,,f9WkcN4Ou4A2wLxTv6JW
2007-08-24,50,1,0,0,0,0,0,72,72,4,4,,6,,,,,,,4DaSVT8UFZHXCTHrc0c7
2007-10-13,18,1,1,0,0,0,0,60,60,4,4,,6,,,,,,,Qe2ZEI0zqDXxiM2GQAPj
2007-11-17,18,1,1,0,0,0,0,60,60,4,4,,6,,,,,,,Gbxz4Q2df5datv6GgFyX
2007-12-01,18,1,1,0,0,0,0,60,60,4,4,,6,,,,,,,89liAAK16kxsg8fvqOQT
2007-12-15,18,1,1,0,0,0,0,60,60,4,4,,6,,,,,,,E079wirXohEzwYmElnM2
2008-01-05,18,1,1,0,0,0,0,120,120,4,4,,6,,,,,,,Sc1cN4UTxyC757NMSEBn
2008-01-25,18,1,1,0,0,0,0,60,60,4,4,,6,,,,,,,hO6c9SuCRKhtRruR9pKY
2008-02-10,18,1,1,0,0,0,0,60,60,4,4,,6,,,,,,,7ya6jAJ8hVCBvCH1cIdo
2008-02-16,18,1,1,0,0,0,0,60,60,4,4,,6,,,,,,,I2b2l5AGE8eOWgRNe1PO
2008-04-05,70,1,0,0,0,0,0,72,72,4,4,,6,,,,,,,3F9rX1lEDFZCbPpIRwo8
2008-04-19,70,1,0,0,0,0,0,144,144,4,4,,6,,,,,,,NvsC1DOo0GpRPiN6L8Pg
2008-05-03,70,1,0,0,0,0,0,72,72,4,4,,6,,,,,,,X4BsGlevrfv0XaUolIfm
2008-05-12,70,1,0,0,0,0,0,72,72,4,4,,6,,,,,,,2H2MmECh3Phdyjn0R7aj
2008-05-24,50,1,0,0,0,0,0,144,144,4,4,,6,,,,,,,gzDb7lr36Ks1zcGG606n
2008-05-31,70,1,0,0,0,0,0,72,72,4,4,,6,,,,,,,Ln4pqDhartbFXYMEcyXS
2008-06-14,70,1,0,0,0,0,0,72,72,4,4,,6,,,,,,,x23gR2UHQfQtQCCoOvZm
2008-06-23,70,1,0,0,0,0,0,72,72,4,4,,6,,,,,,,fB9tgi9t5KXHH8sqjqIm
2008-06-28,70,1,0,0,0,0,0,72,72,4,4,,6,,,,,,,vpxWPZuAazbe0D3c2pev
2008-07-05,70,1,0,0,0,0,0,144,144,4,4,,6,,,,,,,WG13zcrJ0YV3ebkyvcZ4
2008-07-26,70,1,0,0,0,0,0,72,72,4,4,,6,,,,,,,lgpJVEST9RyjaIv63B02
2008-09-13,70,1,0,0,0,0,0,72,72,4,4,,6,,,,,,,VWpan26nClKi67i14DQp
2008-11-15,18,1,1,0,0,0,0,60,60,4,4,,6,,,,,,,EEapMhNYfuh2YiDyesli
2008-11-23,18,1,1,0,0,0,0,60,60,4,4,,6,,,,,,,QwDmqQVVAqQEcWcM6S1D
2009-01-17,18,1,1,0,0,0,0,180,180,4,4,,6,,,,,,,mMHR0YUqJUptrEyq1lT1
2009-01-23,18,1,1,0,0,0,0,60,60,4,4,,6,,,,,,,n8pS4xxjqsKRt5KIki37
2009-02-21,18,1,1,0,0,0,0,60,60,4,4,,6,,,,,,,7Y3FscjujU6IVnlt3fke
2009-03-06,18,1,1,0,0,0,0,60,60,4,4,,6,,,,,,,MlYSWmBl5tV0dI4Y9O9p
2009-03-18,18,1,1,0,0,0,0,60,60,4,4,,6,,,,,,,j2ujHVEWqu3MmjymRHyP
2009-04-04,70,1,0,0,0,0,0,144,144,4,4,,6,,,,,,,8jWRkSDQCLgT2hypg8gP
2009-04-25,70,1,0,0,0,0,0,72,72,4,4,,6,,,,,,,WR6m4pTPFzg5XAuQZfSs
2009-05-10,70,1,0,0,0,0,0,72,72,4,4,,6,,,,,,,OZv923FyJH9otZ1cYXkn
2009-05-16,70,1,0,0,0,0,0,72,72,4,4,,6,,,,,,,FVblvluMgVzdvplMfsFQ
2009-05-23,70,1,0,0,0,0,0,72,72,4,4,,6,,,,,,,P6SlJ0exgTF2qrOJsVre
2009-06-07,70,1,0,0,0,0,0,72,72,4,4,,6,,,,,,,V4YfVCE2rVVRNH7mQ0bx
2009-06-13,70,1,0,0,0,0,0,72,72,4,4,,6,,,,,,,yCLBUheXly7QXR4NHYCg
2009-06-27,70,1,0,0,0,0,0,72,72,4,4,,6,,,,,,,svoMOoJe0zoVYN8W4tap
2009-07-17,70,1,0,0,0,0,0,72,72,4,4,,6,,,,,,,Mrf0Q6lGmB1RWk3k8q0I
2009-07-18,70,1,0,0,0,0,0,72,72,4,4,,6,,,,,,,7M8hmxf1UWqj6et0dGas
2009-07-25,70,1,0,0,0,0,0,72,72,4,4,,6,,,,,,,QBuKTtj1FFppNkrBbZMP
2009-08-08,70,1,0,0,0,0,0,72,72,4,4,,6,,,,,,,gJMi5ldIKU8KwbVOAQVZ
2009-09-09,70,1,0,0,0,0,0,72,72,4,4,,6,,,,,,,wl39LWOaJFA5eU5RrcW1
2009-10-09,70,1,0,0,0,0,0,72,72,4,4,,6,,,,,,,9krdImV137W4Vf5DcAAv
2009-12-06,18,1,1,0,0,0,0,60,60,4,4,,6,,,,,,,J5MTolFwr1xaqpt03WSm
2009-12-12,18,1,1,0,0,0,0,60,60,4,4,,6,,,,,,,3JWyjGuVLQuqmnWkA1yl
2009-12-19,18,1,1,0,0,0,0,60,60,4,4,,6,,,,,,,DWGgiClnoOpRaApoEzAJ
2010-01-09,18,1,1,0,0,0,0,60,60,4,4,,6,,,,,,,fimKCD1IseQDRwHySpNK
2010-01-16,18,1,1,0,0,0,0,60,60,4,4,,6,,,,,,,Pmolrk65nOspRU9pToj3
2010-01-22,18,1,1,0,0,0,0,60,60,4,4,,6,,,,,,,VbkJi5Hgwj6BjpPPdv3S
2010-01-30,18,1,1,0,0,0,0,60,60,4,4,,6,,,,,,,E60kU2ECrpKAKrQLYDLd
2010-02-13,18,1,1,0,0,0,0,60,60,4,4,,6,,,,,,,vqKsaPWAjMXz7L9ylUek
2010-03-17,18,1,1,0,0,0,0,60,60,4,4,,6,,,,,,,5wO4hUcpOHghOrkdhqnW
2010-03-31,70,1,0,0,0,0,0,72,72,4,4,,6,,,,,,,sLQmt8rjN7Hn6dfBdEvb
2010-04-17,70,1,0,0,0,0,0,72,72,4,4,,6,,,,,,,sLb0QXg6r2BxaDEPJBpG
2010-04-24,70,1,0,0,0,0,0,216,216,4,4,,6,,,,,,,rMitV4eERHQP0vEXRAYc
2010-05-01,70,1,0,0,0,0,0,72,72,4,4,,6,,,,,,,2eEFCm0He2ghgK9aNJMq
2010-05-15,70,1,0,0,0,0,0,72,72,4,4,,6,,,,,,,fd8XRNQ70MjLAPtNdL8q
2010-06-08,70,1,0,0,0,0,0,72,72,4,4,,6,,,,,,,iyzVX5MoYIOXqGzxiJFQ
2010-06-19,70,1,0,0,0,0,0,72,72,4,4,,6,,,,,,,6Mr2KqVVxOIevgeedZtF
2010-06-27,70,1,0,0,0,0,0,72,72,4,4,,6,,,,,,,nQDuExwItqXCPdYgAknT
2010-07-04,50,1,0,0,0,0,0,144,144,4,4,,6,,,,,,,qv55zoLeDo7MZENCc5U1
2010-07-24,70,1,0,0,0,0,0,72,72,4,4,,6,,,,,,,xpNgqYF3hCJbrOxI7kgS
2010-08-04,70,1,0,0,0,0,0,72,72,4,4,,6,,,,,,,9FjHwm3Bl115M24OKo5m
2010-08-28,70,1,0,0,0,0,0,72,72,4,4,,6,,,,,,,EAGhngYm1iWc5MKdKdXY
2010-09-23,70,1,0,0,0,0,0,72,72,4,4,,6,,,,,,,oGpVKS7csWkXjEDEQN6P
2010-10-02,70,1,0,0,0,0,0,72,72,4,4,,6,,,,,,,vdow1v0DzmTDV3md0B7o
2010-12-04,18,1,1,0,0,0,0,180,180,4,4,,6,,,,,,,RHGNt8cVLbhVKzwAmr22
2011-01-08,18,1,1,0,0,0,0,120,120,4,4,,6,,,,,,,wtDS5Btq2unA8Gic6q7V
2011-01-21,18,1,1,0,0,0,0,60,60,4,4,,6,,,,,,,VdQ0Kfk0R0eXUmOJ54AQ
2011-02-20,18,1,1,0,0,0,0,60,60,4,4,,6,,,,,,,FdjfHADFaoEpYXvBPR7s
2011-03-12,70,1,0,0,0,0,0,72,72,4,4,,6,,,,,,,vfuie5qObPP04KJCsbI5
2011-03-16,18,1,1,0,0,0,0,60,60,4,4,,6,,,,,,,vMRA8uHdokvhesr11Zy1
2011-04-02,70,1,0,0,0,0,0,72,72,4,4,,6,,,,,,,eO3dA923u4KH7KkjaqiD
2011-04-17,70,1,0,0,0,0,0,72,72,4,4,,6,,,,,,,SswwfA4gdY9MYOdFIVP6
2011-05-07,70,1,0,0,0,0,0,72,72,4,4,,6,,,,,,,EwooTRjV9T6SXpkqZXbr
2011-05-24,70,1,0,0,0,0,0,72,72,4,4,,6,,,,,,,2fXDQVyjBG1OFtt4OCTp
2011-05-28,70,1,0,0,0,0,0,72,72,4,4,,6,,,,,,,hym1F34l9LxKCmWqCBXD
2011-06-07,70,1,0,0,0,0,0,72,72,4,4,,6,,,,,,,KrX3uHmS8atPI3GHAgpf
2011-06-18,70,1,0,0,0,0,0,72,72,4,4,,6,,,,,,,Qo1lwF6nao5T91XzrGK1
2011-07-23,70,1,0,0,0,0,0,72,72,4,4,,6,,,,,,,mWL0QVBQmNJCenaHnF0B
2011-08-02,70,1,0,0,0,0,0,144,144,4,4,,6,,,,,,,ExyZLhi3RSvRV6wsEI5H
2011-08-18,70,1,0,0,0,0,0,72,72,4,4,,6,,,,,,,caF2eo1ATargqXPjTPR9
2011-08-27,70,1,0,0,0,0,0,72,72,4,4,,6,,,,,,,zAkXfTG7a1EfK7I69nJ5
2011-09-04,70,1,0,0,0,0,0,72,72,4,4,,6,,,,,,,IiiMW8achfJhpsbky0y8
2011-10-02,70,1,0,0,0,0,0,72,72,4,4,,6,,,,,,,zFAHyQkDRrjtdp4KSDVv
2011-11-26,18,1,1,0,0,0,0,60,60,4,4,,6,,,,,,,zhjqEObRu5HP55dR5jm3
2011-12-10,18,1,1,0,0,0,0,60,60,4,4,,6,,,,,,,nB1bdDh6NHb5jBfp9Zae
2012-01-07,18,1,1,0,0,0,0,60,60,4,4,,6,,,,,,,GGlVipZIV22RtOe02PVv
2012-01-20,18,1,1,0,0,0,0,60,60,4,4,,6,,,,,,,JYeNL6K8CvJQnESCBu3A
2012-04-11,70,1,0,0,0,0,0,72,72,4,4,,6,,,,,,,nBHRNpOsazcCX2d4ebYN
2012-05-02,70,1,0,0,0,0,0,72,72,4,4,,6,,,,,,,ryd9776rqnu346x7WT07
2012-05-12,70,1,0,0,0,0,0,72,72,4,4,,6,,,,,,,eA4TMP0YBKjZ2c5pY0YS
2012-06-02,50,1,0,0,0,0,0,144,144,4,4,,6,,,,,,,yrPAQ16LDAJVJPGG6T6U
2012-06-17,70,1,0,0,0,0,0,72,72,4,4,,6,,,,,,,pKhQLD9gjvPFo27nYHz7
2012-06-30,70,1,0,0,0,0,0,72,72,4,4,,6,,,,,,,xBL6WXhlbKnX5OxEPfLw
2012-07-05,70,1,0,0,0,0,0,72,72,4,4,,6,,,,,,,fBSaFrXxdgAsC6bbPtKQ
2012-07-10,70,1,0,0,0,0,0,72,72,4,4,,6,,,,,,,mBtIRK5HbCVuqhM9doXS
2012-07-21,70,1,0,0,0,0,0,72,72,4,4,,6,,,,,,,HqPLRfRJYWhA6A4MGqPw
2012-09-01,70,1,0,0,0,0,0,72,72,4,4,,6,,,,,,,t1rqcrLHJvy2nSPKjlpT
2012-09-22,70,1,0,0,0,0,0,72,72,4,4,,6,,,,,,,yGwqondklVno4kHNTRdo
2012-10-21,70,1,0,0,0,0,0,72,72,4,4,,6,,,,,,,zJZ9pgJxckzCycQxN6WX
2012-12-01,18,1,1,0,0,0,0,60,60,4,4,,6,,,,,,,uCunFk55EfAnrsvZoGIL
2012-12-08,18,1,1,0,0,0,0,60,60,4,4,,6,,,,,,,8U0FE5ymVQiBnQk4LOUx
2012-12-15,18,1,1,0,0,0,0,60,60,4,4,,6,,,,,,,YGY6WGUlWd1Ooi7lFRlb
2013-01-05,18,1,1,0,0,0,0,120,120,4,4,,6,,,,,,,YNbKew9ictosjm8SbXsW
2013-01-18,18,1,1,0,0,0,0,60,60,4,4,,6,,,,,,,1FMMwHdhvBKnkAbgTjYZ
2013-01-26,18,1,1,0,0,0,0,60,60,4,4,,6,,,,,,,WjxDAFsuxzHgtjUi21d4
2013-02-02,18,1,1,0,0,0,0,60,60,4,4,,6,,,,,,,7HE9UQBRi2jXERsETvOK
2013-02-24,18,1,1,0,0,0,0,60,60,4,4,,6,,,,,,,i6ka16aZddcwiAL9p0ag
2013-03-01,18,1,1,0,0,0,0,60,60,4,4,,6,,,,,,,iYjR6DHlLq1sHi95iPja
2013-04-13,70,1,0,0,0,0,0,72,72,4,4,,6,,,,,,,0imaLY4k5hF6PzUxrJii
2013-05-04,70,1,0,0,0,0,0,72,72,4,4,,6,,,,,,,iAU0qq4WXTwxdqABp1yc
2013-06-01,70,1,0,0,0,0,0,72,72,4,4,,6,,,,,,,3L8yb18tY0DShX4PwWrD
2013-07-07,70,1,0,0,0,0,0,72,72,4,4,,6,,,,,,,OLSPHDORYtHFofp8FqL6
2013-08-31,70,1,0,0,0,0,0,72,72,4,4,,6,,,,,,,Sz04lda4dZPeXI55D13X
2013-09-07,70,1,0,0,0,0,0,72,72,4,4,,6,,,,,,,yLDR7z04tdSYDtuLIQWe
2013-11-30,18,1,1,0,0,0,0,180,180,4,4,,6,,,,,,,vclGAveMsJLPr5OZaRPH
2013-12-14,18,1,1,0,0,0,0,60,60,4,4,,6,,,,,,,a3EO0xqOkUyTJuPIouW2
2014-01-04,18,1,1,0,0,0,0,60,60,4,4,,6,,,,,,,NOFNaBzavWuVKe5Ptkp7
2014-01-11,18,1,1,0,0,0,0,120,120,4,4,,6,,,,,,,mUIfu2dpujGkbk2HJNVX
2014-01-18,18,1,1,0,0,0,0,120,120,4,4,,6,,,,,,,OWueEcofzqGdpcrTPQi8
2014-01-25,18,1,1,0,0,0,0,60,60,4,4,,6,,,,,,,MJM6CeBUyclozg8OFdtm
2014-03-29,70,1,0,0,0,0,0,144,144,4,4,,6,,,,,,,jymR8l02nd0fjk4hLdNT
2014-04-05,70,1,0,0,0,0,0,72,72,4,4,,6,,,,,,,80O4rSWSqoLxTMC4boEc
2014-05-03,70,1,0,0,0,0,0,216,216,4,4,,6,,,,,,,ybVg7g1TRmAIm3O67zkf
2014-05-18,70,1,0,0,0,0,0,144,144,4,4,,6,,,,,,,7xegCfL8BAY0y0SBmllj
2014-05-30,70,1,0,0,0,0,0,72,72,4,4,,6,,,,,,,ViqddJKxsX69e6BS9fVv
2014-06-21,70,1,0,0,0,0,0,72,72,4,4,,6,,,,,,,hCvSdtsau0dF6YrkcCRT
2014-07-19,70,1,0,0,0,0,0,72,72,4,4,,6,,,,,,,7s62m35ybE14Sdi5JciN
2014-09-12,70,1,0,0,0,0,0,72,72,4,4,,6,,,,,,,vBJnmJsUJuYNYyEQQOO9
2014-10-04,70,1,0,0,0,0,0,72,72,4,4,,6,,,,,,,M7Y9HiwCO8VrWs5mrHCr
2014-11-08,18,1,1,0,0,0,0,60,60,4,4,,6,,,,,,,0l1yujWULpr2bIKIUgWz
2014-11-29,18,1,1,0,0,0,0,180,180,4,4,,6,,,,,,,NnjSaV8BxWplC1QB0CQT
2015-01-03,18,1,1,0,0,0,0,120,120,4,4,,6,,,,,,,ifMDzAAGX92NIxECjfcO
2015-01-23,18,1,1,0,0,0,0,60,60,4,4,,6,,,,,,,aV0tBZH8eD3i01JiiAj6
2015-04-11,70,1,0,0,0,0,0,144,144,4,4,,6,,,,,,,F5KAyUuzNF7QSxYSA6U9
2015-04-18,70,1,0,0,0,0,0,144,144,4,4,,6,,,,,,,S00XfnaJhvKQXiyrPf7D
2015-06-27,70,1,0,0,0,0,0,72,72,4,4,,6,,,,,,,coKqAmBrfR8zUvfW2jKQ
2015-07-05,70,1,0,0,0,0,0,72,72,4,4,,6,,,,,,,sUTqcvDHTkr0huxWxmGV
2015-07-18,70,1,0,0,0,0,0,72,72,4,4,,6,,,,,,,fOkGzQ3AXy6a5A4lEHWF
2015-09-26,70,1,0,0,0,0,0,72,72,4,4,,6,,,,,,,4K7qhg5jtQEfZiFBIUfk
2015-10-03,70,1,0,0,0,0,0,72,72,4,4,,6,,,,,,,OtAMPSKmSog1kgRV1urO
2015-11-07,18,1,1,0,0,0,0,60,60,4,4,,6,,,,,,,L3UD1wLdHWaTB9yZYwmo
2015-11-28,18,1,1,0,0,0,0,120,120,4,4,,6,,,,,,,mfoBoAnE4KBbQC9a3Yaw
2015-12-09,18,1,1,0,0,0,0,60,60,4,4,,6,,,,,,,iiYk3mXRKJXOmLdOAer5
2016-01-09,18,1,1,0,0,0,0,60,60,4,4,,6,,,,,,,pElTSTsBh3bMaQdtdubc
2016-01-15,18,1,1,0,0,0,0,60,60,4,4,,6,,,,,,,cA5FMGpDoHC8ePBBwy8x
2016-03-12,70,1,0,0,0,0,0,72,72,4,4,,6,,,,,,,jBasXmH6hT4mDqSFasfo
2016-04-03,70,1,0,0,0,0,0,144,144,4,4,,6,,,,,,,L7oOAb25Nqnq7Ocid5ri
2016-04-13,70,1,0,0,0,0,0,72,72,4,4,,6,,,,,,,K5CFGiHZJYbpZIzzozxa
2016-05-07,70,1,0,0,0,0,0,72,72,4,4,,6,,,,,,,vARbNOX2qlhlSuPbjyZY
2016-06-04,70,1,0,0,0,0,0,72,72,4,4,,6,,,,,,,XyUW0gVt47lO8lkuRJQu
2016-06-26,70,1,0,0,0,0,0,72,72,4,4,,6,,,,,,,U75ilSAKG3uvlmndNYKu
2016-07-09,70,1,0,0,0,0,0,72,72,4,4,,6,,,,,,,eJsPCRFHAvNPBR4bzYA2
2016-09-09,70,1,0,0,0,0,0,72,72,4,4,,6,,,,,,,FpKBjGEctcIDhsWwT0lW
2017-01-20,18,1,1,0,0,0,0,60,60,4,4,,6,,,,,,,1QhhiNw8yT332yU7cIMR
2017-06-03,70,1,0,0,0,0,0,72,72,4,4,,6,,,,,,,H5orKtAofDmxGBpFcKqG
2017-07-05,70,1,0,0,0,0,0,144,144,4,4,,6,,,,,,,G9Abje5tdlEIf6U4JVic
2017-07-08,70,1,0,0,0,0,0,72,72,4,4,,6,,,,,,,6jzQFnPHixHAbWJ2wfsE
2017-09-10,70,1,0,0,0,0,0,72,72,4,4,,6,,,,,,,zOfRpCQqosbXvDMygTGH
2017-12-02,18,1,1,0,0,0,0,120,120,4,4,,6,,,,,,,ufTMeoeS0xdQN5kBsyJO
2018-01-19,18,1,1,0,0,0,0,60,60,4,4,,6,,,,,,,aqKZolPgbTEDWrfUmf4y
2018-04-21,70,1,0,0,0,0,0,72,72,4,4,,6,,,,,,,h4MT5fdd0DTJtcnKTG5T
2018-05-12,70,1,0,0,0,0,0,72,72,4,4,,6,,,,,,,akjJNwopZBuvhz9JKDOw
2018-06-09,70,1,0,0,0,0,0,72,72,4,4,,6,,,,,,,e1MDVciM5MSlrKQYydQp
2018-07-28,70,1,0,0,0,0,0,72,72,4,4,,6,,,,,,,QiwHxtjkcLSrcuy2fXl2
2018-09-15,70,1,0,0,0,0,0,72,72,4,4,,6,,,,,,,L60eSpDL25oYkuWIDSdD
2018-11-23,18,1,1,0,0,0,0,60,60,4,4,,6,,,,,,,9xzT2tJRfnakBZbVhpaP
2018-12-01,18,1,1,0,0,0,0,60,60,4,4,,6,,,,,,,7OxFBLe7piRoeSEnvW2C
2019-06-21,70,1,0,0,0,0,0,72,72,4,4,,6,,,,,,,3zQqkxcKVvuCydBLJKcR
2019-12-07,18,1,1,0,0,0,0,120,120,4,4,,6,,,,,,,0G3tqzkNmRhAj9LUQnFT
2021-01-29,18,1,1,0,0,0,0,60,60,4,4,,6,,,,,,,d2W1YXb5mSsKGny9LU4B
2023-04-01,18,1,1,9,24,0,0,60,93,4,4,,6,,,,,,,k9lGBIyWTUzuqbdg6UEc
2023-11-05,18,0,1,27,3,0,0,30,60,4,4,,6,,,,,,,EL3VQsgcGWUaPiF3ohUn
2023-12-18,18,0,1,41,9,0,0,30,80,4,4,,6,,,,,,,Rl98bNs4jFvkrs28NCyv
2023-12-30,18,0,1,90,0,0,0,0,90,4,4,,6,,,,,,,DopczD0RxvoZQ6RJiyU1
2024-01-01,18,0,1,28,3,0,0,60,91,4,4,,6,,,,,,,3YQ5qFcc8iKYU8fzW9C5
2024-01-02,18,0,1,96,27,0,0,0,123,4,4,,6,,,,,,,glAoLpzLGWAqxwNBMuqH
2024-01-03,18,0,1,29,6,0,0,90,125,4,4,,6,,,,,,,SIF0li3Tpx52IrraCqRf
2024-01-04,18,0,1,26,24,0,0,60,110,4,4,,6,,,,,,,TMyGEHzADsPJjOP8jDpa
2024-01-06,18,0,1,40,30,0,0,60,130,4,4,,6,,,,,,,nsiaJK1o4jAEuLGtrVkb
2024-01-07,30,0,0,0,9,0,0,36,45,2,0,3,6,,,,,,,8JMojRFSqURRud9UbFSA
2024-01-15,18,0,1,26,18,0,0,60,104,4,4,,6,,,,,,,6taqpkeZl5MbqKHAUjrY
2024-01-16,18,0,1,43,78,0,0,0,121,4,4,,6,,,,,,,PHvGb3ZjXAZO7xrqjvSB
2024-01-17,18,0,1,12,0,0,0,120,132,4,4,,6,,,,,,,CpmRY9tcaozRgk8PXcP5
2024-01-23,18,0,1,51,66,0,0,30,147,4,4,,6,,,,,,,qJvPmFqBN802oq1LU7O0
2024-01-23,18,0,1,0,12,0,0,60,72,4,4,,6,,,,,,,7uk4nV2KybPweLLaf3ZE
2024-01-24,18,0,1,28,42,0,0,60,130,4,4,,6,,,,,,,SXT21HdRuyvKeRq1LEIy
2024-01-26,18,0,1,43,7,0,0,60,110,4,4,,6,,,,,,,haUs48E06ufWKVVaASxP
2024-01-27,18,0,1,24,86,0,0,60,170,4,4,,6,,,,,,,UBY3PBEKoYuyeuHObtRz
2024-01-31,18,0,1,27,77,0,0,0,104,4,4,,6,,,,,,,RyVruWj5mcimPwbo7RHV
2024-02-01,18,0,1,22,72,0,0,16,110,4,4,,6,,,,,,,5w0cGglxDPTORYaOCCzl
2024-02-03,18,1,1,2,12,0,0,30,44,4,4,,6,,,,,,,PCWSffgvodwONTfMvA4Z
2024-02-03,18,1,1,0,14,0,0,30,44,4,4,,6,,,,,,,TYIUlKNwbeMp56kvB1qa
2024-02-04,18,1,1,0,16,0,0,30,46,4,4,,6,,,,,,,kX6MYBDlroil56aPspIz
2024-02-10,18,1,1,1,26,0,0,60,87,4,4,,6,,,,,,,OrCuisBUa6Dd1s1PW0t5
2024-02-12,18,0,1,149,0,0,0,0,149,4,4,,6,,,,,,,gvd8aeZCB0XKntvczJad
2024-02-13,18,0,1,37,99,0,0,0,136,4,4,,6,,,,,,,QVYDlttY6uywMqxSpjHz
2024-02-15,18,0,1,15,126,0,0,0,141,4,4,,6,,,,,,,VihnhOAXK3kOD3gFNjtp
2024-02-16,70,0,1,0,110,0,0,72,182,4,4,,6,,,,,,,sL2V6uLCEXmIsfxoXYyT
2024-02-18,70,1,1,0,37,0,0,116,153,4,4,,6,,,,,,,rzXcIvNzs6owy7XCBSC1
2024-02-21,18,0,1,10,13,0,0,60,83,4,4,,6,,,,,,,Xe2b9BFXdusMzIWNxfT8
2024-02-21,70,0,1,0,60,0,0,47,107,4,4,,6,,,,,,,fEFCe335woGJMzcmvD1D
2024-03-01,18,0,1,14,6,0,0,78,98,4,4,,6,,,,,,,0rkOwZXh8ttalTYa7aBo
2024-03-02,18,1,1,0,25,0,0,65,90,4,4,,6,,,,,,,xBKUY0wunaMkmyBTIjUE
2024-03-11,18,0,1,24,6,0,0,60,90,4,4,,6,,,,,,,ifjyQJEVpAY0iGae68nm
2024-03-12,18,0,1,15,35,0,0,60,110,4,4,,6,,,,,,,eQVyh9Eq2VFoLHfh4nEE
2024-03-13,18,0,1,10,0,0,0,90,100,4,4,,6,,,,,,,zzIgsRMPlkdVEMszBFQZ
2024-03-19,18,0,1,14,26,0,0,60,100,4,4,,6,,,,,,,BXvipOliQomPGwZTFpVd
2024-03-21,18,0,1,64,6,0,0,60,130,4,4,,6,,,,,,,w1GsVMz0f5HFWDfICMKz
2024-03-23,18,0,1,10,90,0,0,0,100,4,4,,6,,,,,,,r4dPdtkj7uCFcNoJsRGp
2024-03-24,18,1,1,6,23,0,0,108,137,4,4,,6,,,,,,,gyc2Y3ucwjQRvBkmJr4b
2024-03-28,70,0,1,0,82,0,0,76,158,4,4,,6,,,,,,,Lk61NWoISbrHqqiKEnIz
2024-03-29,70,0,1,0,58,0,0,72,130,4,4,,6,,,,,,,nzsA11j8eRVHE06WTsOF
2024-03-30,70,1,1,0,31,0,0,88,119,4,4,,6,,,,,,,fOiQvCCo08ayWfzuZXKx
2024-04-02,70,0,0,0,39,0,0,72,111,0,4,26,6,,,,,,,RtVRboUhh36LhdT5ZjCL
2024-04-03,70,0,0,0,120,0,0,0,120,0,1,26,6,,,,,,,raLsmXTMVxksKOBKLR2W
2024-04-06,70,0,0,0,88,0,0,72,160,0,1,23,6,,,,,,,AsXc43nlqAhEpUQXBVDu
2024-04-07,70,0,0,0,128,0,0,72,200,1,0,20,6,,,,,,,EbQrnk1JZB3fgbtdRh43
2024-04-11,70,0,0,0,150,0,0,0,150,0,1,25,6,,,,,,,FYzIWy5il56pTMbvhuUI
2024-04-12,70,0,0,0,100,0,0,0,100,0,1,25,6,,,,,,,PGONWXkBKR23bjcFGImj
2024-04-13,70,1,0,0,22,0,0,72,94,0,0,20,6,,,,,,,DZTleo9azV1vDt3moosQ
2024-04-14,70,1,0,0,20,0,0,17,37,0,0,20,6,,,,,,,i3q220OwaqdMV8PhPaP7
2024-04-15,70,0,0,0,150,0,0,0,150,1,0,14 ,6,,,,,,,llUcjzHowfdb6SuSCur5
2024-04-21,70,0,0,0,126,0,0,0,126,1,0,17,6,,,,,,,nnQhBN4sydN48j2VRCwb
2024-04-22,70,0,0,0,14,0,0,112,126,4,4,25,6,,,,,,,XBEM3PXY1xezL9jKisZ1
2024-04-25,70,0,0,0,0,0,0,112,112,1,1,18,6,,,,,,,y6q0jENGbB5DobYZU7bO
2024-05-04,70,1,0,0,29,0,0,81,110,3,2,12 ,6,,,,,,,xfpd3dsBCM6tuSBWtI3f
2024-05-05,70,1,0,0,10,0,0,30,40,1,1,14,6,,,,,,,HTlcxCATu1rlFfAbUQDO
2024-05-11,70,0,0,0,42,0,0,72,114,0,0,20,6,,,,,,,hOV72gOH00UOPby1ONdA
2024-05-19,70,0,0,0,14,0,0,72,86,0,1,30,6,,,,,,,Qcqd5d6IOPaAG4YLcsrG
2024-05-20,70,0,0,0,108,0,0,0,108,4,0,25,6,,,,,,,XJslnShT1ruN5BHKrYj0
2024-05-23,70,0,0,0,96,0,0,0,96,0,1,30,6,,,,,,,Arj4QWl398hfcOYjAFHr
2024-05-25,70,0,0,0,36,0,0,36,72,1,0,25,6,,,,,,,lnzs87KanZeK4bpi7qq8
2024-05-29,70,1,0,0,12,0,0,72,84,1,1,18,6,,,,,,,lPleGZik8oHw6f2bzKF0
2024-06-05,70,1,0,0,45,0,0,72,117,0,1,22,6,,,,,,,2Qm8KmQSi9h6uxTFNMH7
2024-06-07,70,0,0,0,76,0,0,0,76,1,4,26,6,,,,,,,YDsrGFEd4K0jpbjblHm2
2024-06-08,70,1,0,0,22,0,0,84,106,0,1,30,6,,,,,,,Masjk8q28Esb03oOqyPp
2024-06-09,70,1,0,0,23,0,0,25,48,1,1,18,6,,,,,,,OaydPRHFdgzEgp4k2IpV
2024-06-26,70,1,0,0,18,0,0,72,90,2,4,15,6,,,,,,,IKQBvtwTJNV4eMzD4Npv
2024-07-02,70,0,0,0,25,0,0,72,97,1,0,22,6,,,,,,,x35nWasvFdn4wgnvCqKz
2024-07-03,70,1,0,0,6,0,0,72,78,2,0,16,6,,,,,,,eBcYvgEG3WO2olRtZrdT
2024-08-12,70,0,0,50,50,0,0,0,100,0,0,32,6,,,,,,,9PcuNxjUGO1pzUiVPB15
2024-08-13,90,0,0,0,120,0,0,0,120,0,0,30,6,,,,,,,DmkRajExQBJbprcVkYqP
2024-08-14,70,0,0,10,51,20,0,72,153,0,0,26,6,,,,,,,ZtOmZ07pQAHXRBPSrCUS
2024-08-20,70,0,0,20,30,0,0,72,122,1,1,22,6,,,,,,,Y35qDbG4KsdcOFB7cz1H
2024-09-08,70,0,1,0,30,0,0,144,174,4,4,,6,,,,,,,RZpICNFnxUqR5o32rBg6
2024-09-12,70,0,0,0,22,0,0,72,94,0,1,25,6,,,,,,,ZXQvT0nGj1TRw438lqDt
2024-09-13,70,0,0,0,63,0,0,0,63,1,2,16,6,,,,,,,a6zDlM8fq8LHyLttOWNm
2024-09-14,70,1,0,0,29,0,0,99,128,1,1,14,6,,,,,,,76SR0uRFqy969ue2cVZJ
2024-09-16,70,0,0,30,0,0,110,0,140,1,1,18,6,,,,,,,QR8rPKsrjIFLJnfVLZP3
2024-09-22,18,0,1,10,24,0,8,120,162,4,4,,6,,,,,,,3Gzifm7ZgzVF8wnH6czg
2024-10-10,18,0,1,31,36,0,0,60,127,4,4,,6,,,,,,,u3vsHM6znHSI6YOhQ8zH
2024-10-28,18,0,1,34,53,0,0,9,96,4,4,,6,,,,,,,ldM7wn3ecSq4xMWZummF
2024-11-09,18,0,1,40,40,0,0,60,140,4,4,,6,,,,,,,fZzf7NhgrrmgxbH5uDYh
2024-11-10,18,0,1,34,6,0,0,120,160,4,4,,6,,,,,,,mwkSACi3JYd1hMs7r0YJ
2024-11-11,18,0,1,18,30,0,0,72,120,4,4,,6,,,,,,,OdczH57so2iZLhexPThs
2024-11-15,18,1,1,1,11,0,0,60,72,4,4,,6,,,,,,,8huVuysYH2cVt73WKIAR
2024-11-16,18,1,1,6,12,0,0,27,45,4,4,,6,,,,,,,73vYZOt7rvSsuybHUU08
2024-11-17,18,1,1,6,9,0,0,15,30,4,4,,6,,,,,,,9N94rhS30xc8km6lgxZN
2024-11-24,18,0,1,31,4,0,0,122,157,4,4,,6,,,,,,,DxhJIQSqfMsbsGWG7nox
2024-11-30,18,1,1,3,14,0,0,60,77,4,4,,6,,,,,,,BuzN0dc4WOSkf33axl5Y
2024-12-06,18,1,1,3,9,0,0,60,72,4,4,,6,,,,,,,db041mfNWadwmEXKEhuO
2024-12-07,18,1,1,3,9,0,0,12,24,4,4,,6,,,,,,,EiLLBpvScygdDXJTsg2d
2024-12-09,18,0,1,38,53,0,0,60,151,4,4,,6,,,,,,,XLGlHkIPmPz29wpwjyIe
2024-12-11,18,0,1,19,18,0,0,120,157,4,4,,6,,,,,,,vRMpoYEx3IHGVIFEuOHK
2024-12-17,18,0,1,0,10,0,0,72,82,4,4,,6,,,,,,,1waXwfmoGc5FYuZievj9
2024-12-23,18,0,1,98,0,0,0,52,150,4,4,,6,,,,,,,4wcTHCmlza04ZBV8mp9H
2024-12-28,18,0,1,76,0,0,0,0,76,4,4,,6,,,,,,,ZTpZo1KoGZAH6K2F5W0y
2024-12-29,18,0,1,50,0,0,0,60,110,4,4,,6,,,,,,,16HeifGVhOZSXdaEsbQY
2024-12-30,18,0,1,30,10,0,0,60,100,4,4,,6,,,,,,,8CPJ6tiG7qO35qFaBURI
2025-01-03,18,0,1,82,28,0,0,0,110,4,4,,6,,,,,,,bl9a5uGTHG98Zwwaa3yp
2025-01-05,18,0,1,60,0,0,0,60,120,4,4,,6,,,,,,,aWXdY22iHbn5FDhPdzPe
2025-01-21,18,0,1,9,9,0,0,60,78,4,4,,6,,,,,,,Wp5jnjSQG2tSdrTaPKoD
2025-01-23,18,0,1,32,8,0,0,60,100,4,4,,6,,,,,,,9QBg4FEzMCOK29eErHUq
2025-01-24,18,0,1,20,26,0,0,120,166,4,4,,6,,,,,,,YG2eYHNQOplQZCxBNSQ3
2025-01-25,18,0,1,42,60,0,0,120,222,4,4,,6,,,,,,,lAvORR5iz7pFVsXWsRyf
2025-01-26,18,0,1,10,49,0,0,112,171,4,4,,6,,,,,,,ePhhIdSIsTMTDTUr43mx
2025-02-01,18,0,1,10,35,0,0,171,216,4,4,,6,,,,,,,WotyTSfeUtrvwnYB3WON
2025-02-02,18,0,1,27,113,0,0,60,200,4,4,,6,,,,,,,4D0GgpR0uURksfGLi0IW
2025-02-07,18,0,1,70,41,0,0,60,171,4,4,,6,,,,,,,T6wtJHP18YJ6g6bwG6jh
2025-02-09,18,0,1,10,42,0,0,60,112,4,4,,6,,,,,,,Zr6EMTwyvtzWgImGxVgx
2025-02-10,18,0,1,3,56,0,0,96,155,4,4,,6,,,,,,,O8CGcb9LWo7doRQapFFb
2025-02-13,18,0,1,27,76,0,0,0,103,4,4,,6,,,,,,,Luu2tHSm7dO6oTLtW9Lx
2025-02-14,18,1,1,0,11,0,0,60,71,4,4,,6,,,,,,,PMdEKdp2pZPYVUYb8tQn
2025-02-14,18,1,1,2,10,0,0,24,36,4,4,,6,,,,,,,TEZqfE0HClSaODWyDv4t
2025-02-18,18,0,1,0,30,0,0,66,96,4,4,,6,,,,,,,zPvLw9UY4WuAmzBp2qNk
2025-02-19,18,1,1,0,13,0,0,60,73,4,4,,6,,,,,,,PnPeNEZUSXRwXRf37VOl
2025-02-20,18,1,1,10,33,0,0,9,52,4,4,,6,,,,,,,zrXXzJHjuZei8FHK0OpR
2025-03-06,18,0,1,9,55,0,0,47,111,4,4,,6,,,,,,,g0Q3Sv2wtWhjKU6KCHjN
2025-03-07,70,0,0,20,10,0,0,36,66,4,4,,6,,,,,,,bCUtJZpBVJ5KlUfzg58k
2025-03-09,70,1,1,0,18,0,0,144,162,4,4,,6,,,,,,,ujpmbrkSfsYy8Ait3nbC
2025-03-13,18,0,1,13,76,0,0,15,104,4,4,,6,,,,,,,U0ZLqdR69rIdBZDAvUuX
2025-03-14,18,0,1,18,6,0,0,60,84,4,4,,6,,,,,,,VqcT2QVmppM7h9vT9QcO
2025-03-15,18,1,1,14,54,0,0,78,146,4,4,,6,,,,,,,8I0EmTi7J3osiNNEhkEW
2025-03-21,70,0,1,0,46,0,0,72,118,4,4,,6,,,,,,,EcTZUQ33ARTQZREFXonA
2025-03-22,70,0,1,0,45,0,0,72,117,4,4,,6,,,,,,,xrgYgV5NSf9lWesHFXon
2025-03-23,70,0,1,0,22,0,0,40,62,4,4,,6,,,,,,,FovTKXnJbCzxNoIrP8AS
2025-03-23,70,0,0,11,70,0,0,72,153,0,0,11,6,,,,,,,vGwMFmWUMQofaGccqEpM
2025-03-24,70,0,0,0,50,0,0,0,50,4,4,,6,,,,,,,RfOvU2BpHFrYemBCgNlr
2025-03-27,70,0,0,0,93,0,0,108,201,4,4,,6,,,,,,,X2ALkkXOagQGie9sE3uY
2025-03-29,70,0,0,0,112,0,0,72,184,4,4,,6,,,,,,,3BgD7Mi0g9lgwG5UQh03
2025-03-30,70,0,0,20,140,0,0,0,160,4,4,,6,,,,,,,tBTOt26DmlP9yy9l6RUt
2025-04-06,70,0,0,0,81,0,0,0,81,0,0,32,6,,,,,,,Fbk3u1QtsItrhXTJsDth
2025-04-20,70,0,0,0,146,0,0,0,146,4,4,,6,,,,,,,3kSvtfHKHSHkj0KdKsjO
2025-04-21,70,0,0,0,40,0,0,111,151,4,4,,6,,,,,,,91nTGM4dktcgHz15tyB4
2025-04-24,70,0,0,0,101,0,0,72,173,0,2,25,6,,,,,,,xOcOFrdemlCQsQ3ZbS4U
2025-04-25,70,0,0,0,176,0,0,36,212,0,2,25,6,,,,,,,2HFVJTIAJXeYY9xSuoRO
2025-04-27,70,0,0,0,63,0,0,72,135,1,0,16,6,,,,,,,Gmf5EJeYYcnziVtqaF8s
2025-05-04,70,0,0,0,36,0,0,72,108,1,1,21,6,,,,,,,VrDrT7IIJU0kYlfyNrlR
2025-05-06,50,0,0,12,18,0,0,72,102,0,1,,6,,,,,,,RDC3YUP31cbewE3Hk1u6
2025-05-07,70,0,0,0,36,0,0,72,108,0,0,21,6,,,,,,,CBv40Byif9BB9w44CEi0
2025-05-15,70,0,0,6,105,0,0,72,183,0,1,18,6,,,,,,,8sD4dSdgKyJu26L9MTw0
2025-05-17,70,1,0,0,27,0,0,72,99,0,1,12,6,,,,,,,gF7FamuZl6rsJ4vIF3Ni
2025-05-17,70,1,0,0,17,0,0,8,25,0,1,25,6,,,,,,,c1cF4Ulb37u6zZkFKYkr
2025-05-18,70,1,0,0,16,0,0,26,42,0,1,10,6,,,,,,,XhD02CfbP3JOFzXV4McX
2025-05-24,70,0,1,0,27,0,0,161,188,4,4,,6,,,,,,,tBikcyrmnYUudvUw0jVo
2025-05-24,70,0,1,0,21,0,0,72,93,4,4,,6,,,,,,,3pYet8Adr1kB9AOp3MZe
2025-05-25,70,1,0,0,30,0,0,72,102,1,0,15,6,,,,,,,S5cd2zC4dSVnEKVGn1WH
2025-05-25,70,0,1,0,36,0,0,0,36,4,4,,6,,,,,,,pxnwNMZgCobL2i7q7o6d
2025-05-28,70,1,0,0,18,0,0,72,90,2,0,15,6,,,,,,,Bj1mTW2azS5Abj2q6IPh
2025-06-01,70,0,0,144,0,0,0,0,144,0,0,25,6,,,,,,,jQQgPvW5h3AQ5HIfkHQD
2025-06-02,70,0,0,0,81,0,0,72,153,0,0,28,6,,,,,,,eSFyaHDqs0ydFrFbaxXL
2025-06-04,70,0,0,12,108,0,0,0,120,0,0,32,6,,,,,,,qz4Ue9zZdxjVtq1S2isE
2025-06-11,70,1,0,0,17,0,0,72,89,0,1,25,6,,,,,,,4hyMY070O6q5vbghe61l
2025-06-14,70,0,0,0,12,0,0,72,84,0,0,28,6,,,,,,,YYFKNwWQgZ9VTEp0A2Xj
2025-06-15,70,0,0,0,12,0,0,108,120,0,4,26,6,,,,,,,1yFMjOMQa6o1GOVmbIPX
2025-06-18,70,1,0,0,24,0,0,72,96,0,1,28,6,,,,,,,dPht1wGiYBjqFkZjRnkD
2025-06-19,70,0,0,0,120,0,0,0,120,0,1,26,6,,,,,,,D0pp2PXzaByGhgijXbBO
2025-06-20,70,0,0,0,44,0,0,0,44,0,0,,6,,,,,,,buX3sCNEqYL2NOgm34XU
2025-06-21,70,1,0,0,29,0,0,42,71,0,0,28,6,,,,,,,NCVQWICxSNAcKE8G3mkt
2025-06-22,70,1,0,0,89,0,0,0,89,0,1,28,6,,,,,,,dzjfMFpBE4iduVWoaqN8
2025-09-15,70,0,0,0,72,0,0,0,72,0,1,25,6,,,,,,,0NMSyeUNSCe3hxmyFNbg
2025-09-16,70,0,0,0,84,0,0,0,84,1,0,20,6,,,,,,,vVlhNV5ChfqyTLataB2z
2025-09-18,70,0,0,0,21,0,0,72,93,0,0,18,6,,,,,,,PWZWEOAAQkSkTbudkzsN
2025-09-19,70,0,0,105,0,0,0,0,105,0,1,25,6,,,,,,,d2OHkbfv4zu2RDFNnmsF
2025-09-21,70,0,0,0,48,0,0,72,120,0,0,20,6,,,,,,,MKmCjk62tueSWck4HqKm
2025-09-24,70,0,0,0,58,0,0,72,130,1,0,15,6,,,,,,,G4OdH18AQYtpm30BIlME
2025-09-25,70,0,0,20,12,0,0,108,140,1,0,12,6,,,,,,,5zRCSMlVJvhlQcpCCTYP
2025-09-29,70,0,0,0,120,0,0,0,120,1,0,15,6,66,,,,,,KuDp0VB6Qxof0vG7VLlk
2025-09-30,70,0,0,0,96,0,0,0,96,0,0,20,6,45,,,,,,95M9xSLkgje9OfqLCbJX
2025-10-02,70,0,0,0,12,0,0,144,156,0,0,15,6,110,,,,,,1aLiW3pMRAnKbwTa0WyD
2025-10-17,18,0,1,90,30,0,0,0,120,4,4,,6,44,,,,,,VcnW3ebU7TzHaQp8jyRQ
2025-11-16,18,0,1,6,36,0,0,90,132,4,4,,6,,,,,,,NoEo8G8E4IHEO5Y2Ro4g
2025-11-17,18,0,1,5,15,0,0,60,80,4,4,,6,,,,,,,4drRBd0YGOHrYFVrTUaJ
2025-11-19,18,0,1,23,12,0,0,60,95,4,4,,6,,,,,,,pRSDkbZyr4igWS9apEIC
2025-12-04,18,0,1,36,12,0,0,60,108,4,4,,6,,,,,,,V9EduPOucf4nBqvaItWs
2025-12-07,18,0,1,24,6,0,0,60,90,4,4,,6,,,,,,,ClixhAmxHMoDrG4S1zxQ
2025-12-10,18,0,1,24,18,0,0,60,102,4,4,,6,,,,,,,wQZv4sxf5E3cUfBV9L30
2025-12-15,18,0,1,34,24,0,0,60,118,4,4,,6,,,,,,,xs5V5B3TNK5tv5e9iSJB
2025-12-16,18,0,1,3,14,0,0,60,77,4,4,,6,,,,,,,eT1Fb7CqASBUhZAk3yzV
2025-12-18,18,0,1,11,58,0,0,30,99,4,4,,6,,,,,,,od2tLzGlKUFUnICR6vuO
2025-12-19,18,0,1,14,16,0,0,90,120,4,4,,6,,,,,,,XRCkN30TKRBBmKS5DOzo
2026-01-08,18,0,1,9,66,0,0,0,75,4,4,,6,,,,,,,ThvbXy3KiaM6U9VuQBf9
2026-01-09,18,0,1,24,42,0,0,0,66,4,4,,6,,,,,,,Mbvx2Vc5JZJ0yh801lj2
2026-01-14,18,0,1,9,9,0,0,60,78,4,4,,6,,,,,,,qZwDk9Kq08An1WGkCvlN
2026-01-16,18,0,1,18,18,0,0,60,96,4,4,,6,,,,,,,sBkRZPmg4mpkOlCP4Wry
2026-01-22,18,0,1,20,21,0,0,69,110,4,4,,6,,,,,,,hIoYUzGi1xKQFnrLM9b5
2026-01-23,18,0,1,12,14,0,0,93,119,4,4,,6,,,,,,,J0vUEQZQy3Zd4wicE7f2
2026-01-29,18,0,1,12,54,0,0,60,126,4,4,,6,,,,,,,zcxWKaj5glODAfWgJsl8
2026-02-05,18,0,1,18,87,0,0,30,135,4,4,,6,,,,,,,pQw5NHcYKZ4httMKt2IV
2026-02-08,18,0,1,17,12,0,0,60,89,4,4,,6,,,,,,,iElV5HPcFxvQPuwcgM4K
2026-02-12,18,0,1,12,16,0,0,120,148,4,4,,6,,,,,,,wSNWiGHCCbcDSSdZTx0k
2026-02-14,18,0,1,24,30,0,0,0,54,4,4,,6,,,,,,,UhndOZmpgqkq8x8KVUzU
2026-02-15,18,1,1,3,21,0,0,60,84,4,4,,6,,,,,,,E1IWHaon8XSE5WF9wheT
2026-02-16,18,0,1,90,0,0,0,0,90,4,4,,6,,,,,,,ijRpglcAskF0h4TGgo2g
2026-02-20,18,0,1,22,27,0,0,60,109,4,4,,6,,,,,,,QnH0rFllSHhT4ZMQHDWS
2026-02-22,18,0,1,49,90,0,0,0,139,4,4,,6,,,,,,,L3ibZXI64xY263a07iwH
2026-02-23,18,0,1,32,33,0,0,0,65,4,4,,6,,,,,,,Uowp4xNX9cllMIif5uJj
2026-02-26,18,0,1,22,53,0,0,30,105,4,4,,6,,,,,,,LGtXqoqU97VAzOVlBq3d
2026-02-28,18,0,1,22,45,0,0,0,67,4,4,,6,,,,,,,Z951WIvMsOMTqMhloCL6
2026-03-01,18,1,1,7,14,0,0,60,81,4,4,,6,,,,,,,VzSHHWsa3Y5msPrhJAqP
2026-03-02,18,0,1,22,45,0,0,93,160,4,4,,6,,,,,,,5WgkiTy6LKJGnSKgxy6P
2026-03-05,18,0,1,15,21,0,0,120,156,4,4,,6,,,,,,,UgujwSOmccUh2pzodpdt
2026-03-08,18,1,1,0,31,0,0,70,101,4,4,,6,,,,,,,NsNoEQKJYd837HozbGjx
2026-03-19,70,0,0,0,33,0,0,72,105,0,1,11,6,,,,,,,eQPJQCmoOCAksgpGXQbs
2026-04-03,70,0,0,0,149,0,0,0,149,0,0,14,6,,,,,,,0lTxLxUrpgWVl91tKFhv
2026-04-04,70,0,0,0,79,0,0,72,151,0,0,20,6,,,,,,,3hxxCIOYmD9bcM6WEPGU
2026-04-05,70,0,0,0,88,0,0,0,88,0,0,14,6,,,,,,,Qbdk5B1YAOh44nOp4VAN
2026-04-06,70,0,0,0,70,0,0,144,214,0,0,15,6,,,,,,,SZolYoUCJin85FOXXesB
2026-04-07,70,0,0,0,165,0,0,0,165,0,0,20,6,,,,,,,a12XBTw36Pu4qj2TCdwE
2026-04-09,70,0,0,0,11,0,0,108,119,0,0,20,6,,,,,,,B5D2c2CDxTAHVYUqh2QM
2026-04-10,70,0,0,0,104,0,0,0,104,0,0,30,6,,,,,,,5a3rIlBENTgUXu0NYel0
2026-04-11,70,1,0,0,26,0,0,72,98,0,1,25,6,,,,,,,EheT7Iqx35RuaPo1Ghlq
2026-04-12,70,1,0,0,27,0,0,72,99,1,2,14,6,,,,,,,lrYfYV9Gf2w9HDjaUmVm
2026-04-12,70,1,0,0,21,0,0,72,93,1,1,17,6,,,,,,,Hl5Kbk4jFFI4rr1N5t0e
2026-04-15,70,0,0,0,208,0,0,0,208,0,0,16,6,,,,,,,4vrxmcinTndFDSyFjd8b
2026-04-16,70,0,0,0,55,0,0,165,220,0,0,20,6,,,,,,,PabnkrL3IM8jlMf34C8M
2026-04-18,70,1,0,0,41,0,0,96,137,0,0,12,6,,,,,,,BvJBk3p7xRb0QZvshjg1
2026-04-19,70,1,0,0,23,0,0,36,59,4,0,14,6,,,,,,,wrKb49I41jXP49SdJoDp
2026-04-21,70,0,0,31,120,0,0,0,151,0,0,12,6,,,,,,,XErhL374CNxxjYBZk9b2
2026-04-22,70,0,0,0,144,0,0,108,252,0,0,15,6,,,,,,,z1W77XaBVyfp0RPzlHYb
2026-04-24,70,0,0,36,54,0,0,144,234,0,0,16,6,,,,,,,hZXFx8zYWtyIVSTk2560
2026-04-26,70,0,0,36,155,0,0,0,191,0,0,18,6,,,,,,,JtKXGepK3XSY2kttCYFx
2026-04-27,70,0,0,54,165,0,0,99,318,0,0,16,6,,,,,,,DtGJCmFv9y7zko1OESZk
2026-04-28,70,0,0,0,52,0,0,122,174,1,0,18,6,,,,,,,8vpGraE8TdkUD0k8P5PB
2026-04-29,70,1,0,0,26,0,0,72,98,1,0,18,6,,,,,,,qKWh2yTpADoqBJ7bO01Z
2026-05-01,70,0,0,19,145,0,0,72,236,0,1,20,6,,,,,,,Piq4Smoz6pOCj155iujd
2026-05-02,70,0,0,18,90,0,0,72,180,0,0,20,6,,,,,,,ct2I9lQ7Z222Q1V3h43Q