trainingDate,isCompetition,total,grouping,zone,average,advancement,blazon,distance,weapon,typeOfShoot,weather,wind,temperature,fftaValid,id,idTraining,rounds,salves,arrows
2026-05-02,0,669,0,9,9.29,100,122,70,3,1,0,0,,0,Mkse3miaNyr5cTzWT3De,ct2I9lQ7Z222Q1V3h43Q,2,2,18
2026-04-29,1,630,9.3,0,8.77,100,122,70,3,1,1,0,,0,Qn1pTCn2Mlek9IxgnB6u,qKWh2yTpADoqBJ7bO01Z,2,6,6
2026-04-28,0,458,9.69,[object Object],9.16,5,122,70,1,1,1,0,,0,qNrHOCjxljL1jEaoFPFm,8vpGraE8TdkUD0k8P5PB,1,99,10
2026-04-28,0,665,0,9,9.24,100,122,70,3,1,1,0,,0,JyEhzBJ7ydgbcO3l0Kr4,8vpGraE8TdkUD0k8P5PB,2,4,9
2026-04-24,0,1322,0,9,9.18,100,122,70,3,1,0,0,,0,DXE0FQbqcPaEQELq9Zy4,hZXFx8zYWtyIVSTk2560,4,3,12
2026-04-22,0,974,0,8+,9.02,100,122,70,3,1,0,0,,0,JR8b1EVKa2qpXlQyj02m,z1W77XaBVyfp0RPzlHYb,3,2,18
2026-04-18,1,645,9.46,0,8.96,100,122,70,1,1,0,0,,1,UbWfz0qepRM89FDm0kHQ,BvJBk3p7xRb0QZvshjg1,2,6,6
2026-04-12,1,629,9.27,0,8.74,100,122,70,1,1,1,1,,1,12PKkIh3k4dM1ffJcDjf,Hl5Kbk4jFFI4rr1N5t0e,2,6,6
2026-04-12,1,653,9.53,0,9.07,100,122,70,1,1,1,2,14,1,KxsyKGo3nOFUXOnKv2uA,lrYfYV9Gf2w9HDjaUmVm,2,6,6
2026-04-11,1,658,9.65,0,9.14,100,122,70,1,1,0,1,,1,Zt7e87zgVI0VRGZmzz4b,EheT7Iqx35RuaPo1Ghlq,2,6,6
2026-04-09,0,992,0,9,9.19,100,122,70,1,1,0,0,,0,gpEynpNhbnWcDYLlll0B,B5D2c2CDxTAHVYUqh2QM,3,6,6
2026-04-06,0,656,0,9,9.11,100,122,70,1,1,0,0,,0,wkyI5SwqlXfYYaZk1xGf,SZolYoUCJin85FOXXesB,2,4,9
2026-04-04,0,645,0,8+,8.96,100,122,70,1,1,0,0,,0,OXNwvHIrzQcbhzGDooPa,3hxxCIOYmD9bcM6WEPGU,2,4,9
2026-03-19,0,647,0,9,8.99,100,122,70,1,1,0,1,,0,DV0ue6a4tRCiTuh3zdMF,eQPJQCmoOCAksgpGXQbs,2,4,9
2026-03-08,1,290,0,9+,9.67,100,40,18,1,0,0,0,,0,HvIK0yFQsrZ3mnuKJDRe,NsNoEQKJYd837HozbGjx,1,10,3
2026-03-01,1,573,10.09,0,9.58,100,40,18,1,0,0,0,,0,AlUcEgthddra6L7fs4OH,VzSHHWsa3Y5msPrhJAqP,2,10,3
2026-02-26,0,291,0,9+,9.7,100,40,18,1,0,0,0,,0,6UGr4SKzybRX2sP5XSyI,LGtXqoqU97VAzOVlBq3d,1,10,3
2026-02-20,0,575,9.98,0,9.58,100,40,18,1,0,0,0,,0,B2DYafc5DJRZpkz8oFYW,QnH0rFllSHhT4ZMQHDWS,2,10,3
2026-02-15,1,578,10.07,0,9.63,100,40,18,1,0,0,0,,0,5ROOJxj3jLEfxWe0SgRN,E1IWHaon8XSE5WF9wheT,2,10,3
2026-02-12,0,1129,0,9+,9.41,100,40,18,1,0,0,0,,0,rGc71L0wuzZcJGq0QiSu,wSNWiGHCCbcDSSdZTx0k,4,10,3
2026-02-08,0,576,0,9+,9.6,100,40,18,1,0,0,0,,0,QCRQnOlf0x4BgFhd1XER,iElV5HPcFxvQPuwcgM4K,2,10,3
2026-02-05,0,294,0,10,9.8,100,40,18,1,0,0,0,,0,w8SDrjnTIAxWLoSNYr4a,pQw5NHcYKZ4httMKt2IV,1,10,3
2026-01-29,0,566,0,9+,9.43,100,40,18,1,0,0,0,,0,0P3duUXatYBBKJ0nigmB,zcxWKaj5glODAfWgJsl8,2,10,3
2026-01-16,0,568,0,9,9.47,100,40,18,1,0,0,0,,0,OtGldZtX57pel5dOpHHS,sBkRZPmg4mpkOlCP4Wry,2,10,3
2026-01-14,0,572,0,9+,9.53,100,40,18,1,0,0,0,,0,aFrOuaTB8pnaHHdEZhUF,qZwDk9Kq08An1WGkCvlN,2,10,3
2025-12-19,0,872,0,9+,9.69,100,40,18,1,0,0,0,,0,eEQsHOPTlsMORNypU1GR,XRCkN30TKRBBmKS5DOzo,3,10,3
2025-12-18,0,283,0,9+,9.43,100,40,18,1,0,0,0,,0,r3Pmxhk2oEwYl5TojaB9,od2tLzGlKUFUnICR6vuO,1,10,3
2025-12-16,0,576,0,9+,9.6,100,40,18,1,0,0,0,,0,RwuIXQSqsCdQavF3jGkP,eT1Fb7CqASBUhZAk3yzV,2,10,3
2025-12-15,0,567,0,9+,9.45,100,40,18,1,0,0,0,,0,xrhBdXOcDhQsjiEcY1WG,xs5V5B3TNK5tv5e9iSJB,2,10,3
2025-12-10,0,586,0,10,9.77,100,40,18,1,0,0,0,,0,rf4lNWsqys6JchXg2NQn,wQZv4sxf5E3cUfBV9L30,2,10,3
2025-12-07,0,578,0,9+,9.63,100,40,18,1,0,0,0,,0,wo6ARbRMnXZwRIUVuwDE,ClixhAmxHMoDrG4S1zxQ,2,10,3
2025-12-04,0,582,0,9+,9.7,100,40,18,1,0,0,0,,0,ElqZz2Sqr2SYmINxJqEg,V9EduPOucf4nBqvaItWs,2,10,3
2025-11-19,0,574,0,9+,9.57,100,40,18,1,0,0,0,,0,pNnQjuD7Wr0OaA6w4syA,pRSDkbZyr4igWS9apEIC,2,10,3
2025-11-17,0,574,0,9+,9.57,100,40,18,1,0,0,0,,0,aoGT5SCW45OLqd75ATtX,4drRBd0YGOHrYFVrTUaJ,2,10,3
2025-11-16,0,858,0,9+,9.53,100,40,18,1,0,0,0,,0,fbJilTG9EpbyrsPCB2TK,NoEo8G8E4IHEO5Y2Ro4g,3,10,3
2025-10-02,0,1313,9.61,0,9.13,100,122,70,1,1,0,0,,0,tnN8is8H5AIGTNKEuxjv,1aLiW3pMRAnKbwTa0WyD,4,4,9
2025-09-25,0,991,9.65,0,9.2,100,122,70,1,1,1,0,,0,HYOPzaVdmjPj05jB3Fk2,5zRCSMlVJvhlQcpCCTYP,3,4,9
2025-09-24,0,649,9.5,0,9.04,100,122,70,1,1,1,0,,0,2O6lx4v2tn7xMIqepYPf,G4OdH18AQYtpm30BIlME,2,4,9
2025-09-21,0,638,9.5,0,8.93,100,122,70,1,1,0,0,,0,tQapcJbcs3Xwm4F5FnxP,MKmCjk62tueSWck4HqKm,2,6,6
2025-09-18,0,642,9.52,0,8.96,67,122,70,1,1,0,0,,0,rRVXwgeASJAp4NvZTGPJ,PWZWEOAAQkSkTbudkzsN,3,6,6
2025-06-18,1,652,9.48,0,9.07,100,122,70,1,1,0,1,,0,XlWnPeOm0MZ5LdBLCRqO,dPht1wGiYBjqFkZjRnkD,2,6,6
2025-06-15,0,974,0,8+,9.02,100,122,70,1,1,0,4,,0,XTCIfESLOwOb3Oz2KawM,1yFMjOMQa6o1GOVmbIPX,3,3,12
2025-06-14,0,648,0,8+,9,100,122,70,1,1,0,0,,0,TAOkeWE6rrIHFK0Ltmjo,YYFKNwWQgZ9VTEp0A2Xj,2,3,12
2025-06-11,1,647,9.49,0,9.01,100,122,70,1,1,0,1,,0,KNE5lxN5djJ56Epr88Sm,4hyMY070O6q5vbghe61l,2,6,6
2025-06-02,0,644,0,8+,8.94,100,122,70,1,1,0,0,,0,lMvcoPgpi1QscHzeYJIp,eSFyaHDqs0ydFrFbaxXL,2,3,12
2025-05-28,1,636,0,8,8.83,100,122,70,1,1,2,0,,0,J8jp0YK4AwBB1cOI5Dlv,Bj1mTW2azS5Abj2q6IPh,2,6,6
2025-05-25,1,618,9.11,0,8.59,100,122,70,1,1,1,0,,0,2Ey0z40fJoJ698WPMIIE,S5cd2zC4dSVnEKVGn1WH,2,6,6
2025-05-24,0,652,9.57,0,9.07,100,122,70,1,0,0,0,,0,bYDyMoYdDfZyJCPG1Kub,3pYet8Adr1kB9AOp3MZe,2,6,6
2025-05-24,0,648,9.49,0,9.03,100,122,70,1,0,0,0,,0,XlZu5HWUwde4IpVVLGFP,tBikcyrmnYUudvUw0jVo,2,4,9
2025-05-17,1,613,0,7+,8.51,100,122,70,1,1,0,1,,1,aNB6XMCAU3nBGiUbtZtW,gF7FamuZl6rsJ4vIF3Ni,2,6,6
2025-05-15,0,630,9.21,0,8.76,100,122,70,1,1,0,1,,0,jh7RkLdQEdXXLcJC7itv,8sD4dSdgKyJu26L9MTw0,2,6,6
2025-05-07,0,638,0,8+,8.86,100,122,70,1,1,0,0,,0,G2KGfI7QdNJa852Rzcvj,CBv40Byif9BB9w44CEi0,2,6,6
2025-05-06,0,654,0,8+,9.08,100,80,50,1,1,0,1,,0,waCWFvKGL0CQo8eaPzmc,RDC3YUP31cbewE3Hk1u6,2,6,6
2025-05-04,0,640,0,8+,8.89,100,122,70,1,1,1,1,,0,8fSClnTuEWwllxonrswO,VrDrT7IIJU0kYlfyNrlR,2,6,6
2025-04-27,0,621,9.4,0,8.66,100,122,70,1,1,4,4,16,0,a5GTNEgvUR2AXfEz8txy,Gmf5EJeYYcnziVtqaF8s,2,6,6
2025-04-25,0,310,0,8,8.61,100,122,70,1,1,0,2,,0,nIyJtAZhhBq0bOkmNz6G,2HFVJTIAJXeYY9xSuoRO,1,6,6
2025-04-24,0,635,0,8,8.82,100,122,70,1,1,0,2,,0,YsDf8wGhU5XmG0XbQxIw,xOcOFrdemlCQsQ3ZbS4U,2,6,6
2025-04-21,0,980,9.32,0,8.83,37,122,70,1,1,4,4,,0,n4wjtjguWZodqAWSDehe,91nTGM4dktcgHz15tyB4,1,99,3
2025-03-27,0,637,0,8+,8.85,100,122,70,1,1,4,4,,0,rEWuQ8hSHY48NlK9TMXI,X2ALkkXOagQGie9sE3uY,2,3,12
2025-03-27,0,323,9.41,0,9,100,122,70,1,1,4,4,,0,DxeUJJY3TcicO3rOlaZ8,X2ALkkXOagQGie9sE3uY,1,6,6
2025-03-23,0,641,9.39,0,8.92,100,122,70,1,1,0,0,,0,fMbxaeg3bKt2IlAg8LkQ,vGwMFmWUMQofaGccqEpM,2,6,6
2025-03-22,0,321,0,8+,8.92,100,122,70,1,0,0,0,,0,l3wQSQkThIE5yzan744i,xrgYgV5NSf9lWesHFXon,1,6,6
2025-03-22,0,326,0,9,9.06,100,122,70,1,0,0,0,,0,DZs6bim5E8MWFyr75SCy,xrgYgV5NSf9lWesHFXon,1,6,6
2025-03-21,0,319,0,9,8.86,100,122,70,1,0,0,0,,0,mKuRPmkhOVbyoW63nZvC,EcTZUQ33ARTQZREFXonA,1,6,6
2025-03-21,0,312,0,8,8.67,100,122,70,1,0,0,0,,0,cvcrEqNpONMrtAC9YcUW,EcTZUQ33ARTQZREFXonA,1,6,6
2025-03-15,1,289,0,9+,9.63,100,40,18,1,0,0,0,,0,iKzJD6YE5MTh9UbKogFO,8I0EmTi7J3osiNNEhkEW,1,10,3
2025-03-14,0,585,0,9+,9.75,100,40,18,1,0,0,0,,0,RJLdytW3FWJsFm98sYKs,VqcT2QVmppM7h9vT9QcO,2,5,6
2025-03-13,0,143,0,9+,9.53,100,40,18,1,0,0,0,,0,kBPkMwsghuI08RdVGoUC,U0ZLqdR69rIdBZDAvUuX,1,5,3
2025-03-09,1,1268,0,8+,8.81,100,122,70,1,0,0,0,,0,IsqwPO4ziqfRVn74AewV,ujpmbrkSfsYy8Ait3nbC,4,6,6
2025-03-07,0,328,0,9,9.11,100,122,70,1,1,4,4,,0,kFZWOCeX0p0acYx6Ikhl,bCUtJZpBVJ5KlUfzg58k,1,6,6
2025-03-06,0,140,0,9,9.33,100,40,18,1,0,0,0,,0,fwFTlZk3xIPCClAst0ez,g0Q3Sv2wtWhjKU6KCHjN,1,5,3
2025-02-19,1,569,0,9+,9.48,100,40,18,1,0,0,0,,0,0phlhUYzjxGqbHFqgtOu,PnPeNEZUSXRwXRf37VOl,2,10,3
2025-02-14,1,577,0,9+,9.62,100,40,18,1,0,0,0,,0,4R8SltEILLKd6W29nULD,PMdEKdp2pZPYVUYb8tQn,2,10,3
2025-01-25,0,568,0,9+,9.47,100,40,18,1,0,0,0,,0,7EEkI8pXbzOlQaAwi1VD,lAvORR5iz7pFVsXWsRyf,2,10,3
2025-01-25,0,587,0,10,9.78,100,40,18,1,0,0,0,,0,QSKY1PrpFEA9OZB7KTM9,lAvORR5iz7pFVsXWsRyf,2,10,3
2025-01-24,0,1164,0,9+,9.7,100,40,18,1,0,0,0,,0,TgIHftMsofsfCSoHyR3J,YG2eYHNQOplQZCxBNSQ3,4,10,3
2025-01-23,0,581,0,9+,9.68,100,40,18,1,0,0,0,,0,hIKhr9qFAkyg3uTO8IY9,9QBg4FEzMCOK29eErHUq,2,10,3
2025-01-21,0,579,0,9+,9.65,100,40,18,1,0,0,0,,0,E8OFPAeqSqWk8W1QsIIB,Wp5jnjSQG2tSdrTaPKoD,2,10,3
2024-12-11,0,582,0,9+,9.7,100,40,18,3,0,0,0,,0,ypq7i4c1Dtl3GFygnwI0,vRMpoYEx3IHGVIFEuOHK,2,10,3
2024-12-09,0,582,0,9+,9.7,100,40,18,3,0,0,0,,0,4fEf7OdbvlK8AsNDqQbX,XLGlHkIPmPz29wpwjyIe,2,10,3
2024-12-06,1,580,0,9+,9.67,100,40,18,1,0,0,0,,1,k4HNRB9PCOZ9hsTlLRUF,db041mfNWadwmEXKEhuO,2,10,3
2024-11-30,1,581,0,9+,9.68,100,40,18,1,0,0,0,,1,lLCRk6syQuA6AWrq0viG,BuzN0dc4WOSkf33axl5Y,2,10,3
2024-11-15,1,579,0,9+,9.65,100,40,18,1,0,0,0,,1,ejD7SkGDhhHlxwpCTSk5,8huVuysYH2cVt73WKIAR,2,10,3
2024-10-10,0,580,0,9+,9.67,100,40,18,3,0,0,0,,0,146DxG0ChGX0nTm8CjX2,u3vsHM6znHSI6YOhQ8zH,2,10,3
2024-09-22,0,580,0,9+,9.67,100,40,18,3,0,0,0,,0,yqm2HafPaRlbm45fhw4y,3Gzifm7ZgzVF8wnH6czg,2,10,3
2024-09-22,0,586,0,10,9.77,100,40,18,3,0,0,0,,0,ErNRqXpb4N7fzxlwW33I,3Gzifm7ZgzVF8wnH6czg,2,10,3
2024-09-14,1,641,0,8+,8.9,100,122,70,1,1,1,1,,1,j5CX6HwtIKvQpahKoRCo,76SR0uRFqy969ue2cVZJ,2,6,6
2024-09-12,0,622,0,8,8.64,100,122,70,3,1,0,1,,0,bAg1nQ50syeDGZ2dRHTP,ZXQvT0nGj1TRw438lqDt,2,6,6
2024-09-08,0,643,90.39,0,8.96,100,122,70,3,0,0,0,,0,44uMLleaOKFoENA9Y0VN,RZpICNFnxUqR5o32rBg6,2,6,6
2024-09-08,0,659,90.65,0,9.17,100,122,70,3,0,0,0,,0,9KORqp8Yx19PcaO6PGia,RZpICNFnxUqR5o32rBg6,2,6,6
2024-08-20,0,655,0,8+,9.1,100,122,70,3,1,1,1,,0,D9r2X2DuPMqKtSOTcwHH,Y35qDbG4KsdcOFB7cz1H,2,4,9
2024-08-14,0,644,90.41,0,8.97,100,122,70,3,1,0,0,,0,vuVCN4xBfLTQOgfnLpSb,ZtOmZ07pQAHXRBPSrCUS,2,4,9
2024-07-03,1,626,90.18,0,8.69,100,122,70,1,1,2,0,,1,7fhE0RYz1dC6e3F7Zlus,eBcYvgEG3WO2olRtZrdT,2,6,6
2024-07-02,0,649,90.52,0,9.04,100,122,70,3,1,1,0,,0,cSFFZPC3JiMQK6cJsUJY,x35nWasvFdn4wgnvCqKz,2,6,6
2024-06-26,1,641,90.38,0,8.9,100,122,70,1,1,2,4,,1,jgPH0tr4JRIuBrjwa9Vw,IKQBvtwTJNV4eMzD4Npv,2,6,6
2024-06-05,1,633,9.31,0,8.79,100,122,70,1,1,0,1,,1,l8txznGilTiDYZymw2D0,2Qm8KmQSi9h6uxTFNMH7,2,6,6
2024-05-29,1,648,9.54,0,9,100,122,70,1,1,1,1,,1,UKfGuIjYt0TKVnlxvwl9,lPleGZik8oHw6f2bzKF0,2,6,6
2024-05-25,0,322,9.48,0,9,100,122,70,3,1,1,0,,0,IgO8fpoIk8uTKokjhZwm,lnzs87KanZeK4bpi7qq8,1,6,6
2024-05-19,0,644,9.43,[object Object],8.96,100,122,70,3,1,0,1,,0,vDJ52rkuQqGxF8mPzIFw,Qcqd5d6IOPaAG4YLcsrG,2,3,12
2024-05-11,0,653,9.52,0,9.1,100,122,70,3,1,0,0,,0,MDYpsiQciRP1kK6TADQz,hOV72gOH00UOPby1ONdA,2,4,9
2024-05-04,1,610,0,8,8.47,100,122,70,1,1,3,2,12,1,9v7IQR7LRSLNzuQoOhHH,xfpd3dsBCM6tuSBWtI3f,2,6,6
2024-04-13,1,626,0,8+,8.69,100,122,70,1,1,0,0,,1,vFk0cp8O1Pz8ppee6iuJ,DZTleo9azV1vDt3moosQ,2,6,6
2024-04-07,0,642,9.53,0,8.94,100,122,70,3,1,1,0,,0,kAku6Vc9qN5V2wO7RDs4,EbQrnk1JZB3fgbtdRh43,2,6,6
2024-04-06,0,639,9.38,0,8.9,100,122,70,3,1,0,1,,0,RvhYSKoHP2Gj5N25w5di,AsXc43nlqAhEpUQXBVDu,2,4,9
2024-04-02,0,658,9.6,0,9.15,100,122,70,3,1,0,4,,0,EK32DU9QDtGuqgfaYgRs,RtVRboUhh36LhdT5ZjCL,2,6,6
2024-03-30,1,641,0,8,8.9,100,122,70,1,1,0,0,,1,2za0RgXLVY2SW9AzOYGc,fOiQvCCo08ayWfzuZXKx,2,6,6
2024-03-29,0,320,9.44,0,8.89,100,122,70,3,0,0,0,,0,msbJ1bvpHlP0EjfTPqWs,nzsA11j8eRVHE06WTsOF,1,6,6
2024-03-29,0,333,9.72,[object Object],9.29,100,122,70,3,0,0,0,,0,HzXbImznkndaJKkf5Xex,nzsA11j8eRVHE06WTsOF,1,3,12
2024-03-28,0,333,0,9,9.25,100,122,70,3,0,0,0,,0,DHAUdNluGdH8Pv2enFG6,Lk61NWoISbrHqqiKEnIz,1,6,6
2024-03-24,1,568,0,9+,9.47,100,40,18,3,0,0,0,,0,vAmBaEBzxw9SNk12NYXp,gyc2Y3ucwjQRvBkmJr4b,2,10,3
2024-03-21,0,580,0,9+,9.67,100,40,18,3,0,0,0,,0,Wt3ZjL41kuOOIKzoiMRO,w1GsVMz0f5HFWDfICMKz,2,10,3
2024-03-02,1,283,0,9+,9.43,100,40,18,1,0,0,0,,0,dnXln7Ng3mPH3EmBj7qt,xBKUY0wunaMkmyBTIjUE,1,10,3
2024-03-01,0,287,0,9+,9.57,100,40,18,3,0,0,0,,0,ThTvSio8vv2fapRnf60J,0rkOwZXh8ttalTYa7aBo,1,10,3
2024-02-21,0,565,0,9+,9.42,100,40,18,3,0,0,0,,0,eN3axv6Dx8CaRQ5sKxdH,Xe2b9BFXdusMzIWNxfT8,2,10,3
2024-02-18,1,647,9.44,0,9.01,100,122,70,3,0,0,0,,0,ZlDHCSXvA89n54NAc5Zq,rzXcIvNzs6owy7XCBSC1,2,6,6
2024-02-16,0,634,9.29,0,8.82,100,122,70,3,0,0,0,,0,XDIpnV3TStS8fTYhwNo1,sL2V6uLCEXmIsfxoXYyT,2,6,6
2024-02-10,1,559,0,9,9.32,100,40,18,3,0,0,0,,0,EWr80o6dZOmDut26Wiv5,OrCuisBUa6Dd1s1PW0t5,2,10,3
2024-02-04,1,273,0,9+,9.1,100,40,18,3,0,0,0,,0,eEXmxSoUL2UG57pgbOE1,kX6MYBDlroil56aPspIz,1,10,3
2024-02-03,1,277,0,9+,9.23,100,40,18,3,0,0,0,,0,rbqtLEhKMwqeO7zB7C3z,TYIUlKNwbeMp56kvB1qa,1,10,3
2024-02-03,1,280,0,9+,9.33,100,40,18,3,0,0,0,,0,Mswhmfyj4lmI9pBYl4dP,PCWSffgvodwONTfMvA4Z,1,10,3
2024-01-27,0,579,0,9+,9.65,100,40,18,3,0,0,0,,0,1Xz80feY5jO8r8KY8vfd,UBY3PBEKoYuyeuHObtRz,2,5,6
2024-01-26,0,577,0,9+,9.62,100,40,18,3,0,0,0,,0,Ui5mIdcCBBJ4kcl95VvP,haUs48E06ufWKVVaASxP,2,10,3
2024-01-24,0,575,0,9+,9.58,100,40,18,3,0,0,0,,0,PRStxxfdmLz2IJQn1VdE,SXT21HdRuyvKeRq1LEIy,2,10,3
2024-01-23,0,566,0,9+,9.43,100,40,18,3,0,0,0,,0,J1zZ4v52kp6CEvGbiOac,7uk4nV2KybPweLLaf3ZE,2,10,3
2024-01-23,0,285,0,9+,9.5,100,40,18,3,0,0,0,,0,6Y4bFvStxXaRI1LqD529,qJvPmFqBN802oq1LU7O0,1,10,3
2024-01-07,1,333,0,8+,9.25,100,80,30,3,1,2,0,,0,2owOKiRMBfffZgyDCQUa,8JMojRFSqURRud9UbFSA,1,6,6
2024-01-03,0,854,0,9+,9.49,100,40,18,3,0,0,0,,0,sbVIaYHnfaFvHmcvY1kA,SIF0li3Tpx52IrraCqRf,3,5,6
2024-01-01,0,565,0,9+,9.42,100,40,18,3,0,0,0,,0,4mopEjrRgaE8EZIbQK7N,3YQ5qFcc8iKYU8fzW9C5,2,10,3
2023-12-18,0,289,0,9+,9.63,100,40,18,1,0,0,0,,0,liPjbNkwYiAYHLYcZtzT,Rl98bNs4jFvkrs28NCyv,1,10,3
2023-11-05,0,282,0,9,9.4,100,40,18,1,0,0,0,,0,lJbuo5rQL0qA7bYzrbA6,EL3VQsgcGWUaPiF3ohUn,1,10,3
2023-04-01,1,574,0,9+,9.57,100,40,18,3,0,0,0,,0,kDlRGI5Yzdhgwq53nWF0,k9lGBIyWTUzuqbdg6UEc,2,10,3
2021-01-29,1,574,0,0,9.57,100,40,18,1,0,0,0,,1,qAUGXdxolkzr665q6cq3,d2W1YXb5mSsKGny9LU4B,2,10,3
2019-12-07,1,567,0,0,9.45,100,40,18,1,0,0,0,,1,4YBoMReKIDm7XOsaLwka,0G3tqzkNmRhAj9LUQnFT,2,10,3
2019-12-07,1,559,0,0,9.32,100,40,18,1,0,0,0,,1,M3zX8cszumZ7ebtmbmsS,0G3tqzkNmRhAj9LUQnFT,2,10,3
2019-06-21,1,626,0,0,8.69,100,122,70,1,1,0,0,,1,F54ofgOdPZgkI01YfXF8,3zQqkxcKVvuCydBLJKcR,2,6,6
2018-12-01,1,559,0,0,9.32,100,40,18,1,0,0,0,,1,dVRCIB87fMHvPrC6F4Pi,7OxFBLe7piRoeSEnvW2C,2,10,3
2018-11-23,1,558,0,0,9.3,100,40,18,1,0,0,0,,1,gpdVGI5pd3ZGIw9gszOS,9xzT2tJRfnakBZbVhpaP,2,10,3
2018-09-15,1,640,0,0,8.89,100,122,70,1,1,0,0,,1,a8xNbrAZnsxWA8Skq2Eo,L60eSpDL25oYkuWIDSdD,2,6,6
2018-07-28,1,613,0,0,8.51,100,122,70,1,1,0,0,,1,5VwlDiZzek4JCXq7MAlk,QiwHxtjkcLSrcuy2fXl2,2,6,6
2018-06-09,1,643,0,0,8.93,100,122,70,1,1,0,0,,1,6RKFIazsytknXp5tc0TP,e1MDVciM5MSlrKQYydQp,2,6,6
2018-05-12,1,648,0,0,9,100,122,70,1,1,0,0,,1,dkZoQeBfXMcBrEW2pli2,akjJNwopZBuvhz9JKDOw,2,6,6
2018-04-21,1,656,0,0,9.11,100,122,70,1,1,0,0,,1,vykK3z1THTTAmRjt6tkz,h4MT5fdd0DTJtcnKTG5T,2,6,6
2018-01-19,1,573,0,0,9.55,100,40,18,1,0,0,0,,1,UU3gvATCLydLYPaS3t9d,aqKZolPgbTEDWrfUmf4y,2,10,3
2017-12-02,1,575,0,0,9.58,100,40,18,1,0,0,0,,1,66gK2kFTQ7oeVJbmsDPJ,ufTMeoeS0xdQN5kBsyJO,2,10,3
2017-12-02,1,573,0,0,9.55,100,40,18,1,0,0,0,,1,UsCn5PeHoQHh7BuzO9hP,ufTMeoeS0xdQN5kBsyJO,2,10,3
2017-09-10,1,627,0,0,8.71,100,122,70,1,1,0,0,,1,L3f5Aha84yYkpa2KSz3X,zOfRpCQqosbXvDMygTGH,2,6,6
2017-07-08,1,643,0,0,8.93,100,122,70,1,1,0,0,,1,ZJ53PsXDnhRGAhjQWw8y,6jzQFnPHixHAbWJ2wfsE,2,6,6
2017-07-05,1,637,0,0,8.85,100,122,70,1,1,0,0,,1,jJVxRiUhCItyvITGJkTN,G9Abje5tdlEIf6U4JVic,2,6,6
2017-07-05,1,659,0,0,9.15,100,122,70,1,1,0,0,,1,tf9Vj8cFqXqeaX1OOmUf,G9Abje5tdlEIf6U4JVic,2,6,6
2017-06-03,1,649,0,0,9.01,100,122,70,1,1,0,0,,1,L6jyO63leFUUzxw0NPvY,H5orKtAofDmxGBpFcKqG,2,6,6
2017-01-20,1,572,0,0,9.53,100,40,18,1,0,0,0,,1,M0JXoKYj9dl6pYmPS0Ww,1QhhiNw8yT332yU7cIMR,2,10,3
2016-09-09,1,648,0,0,9,100,122,70,1,1,0,0,,1,i6nbyw2mmxxFeCvXR46q,FpKBjGEctcIDhsWwT0lW,2,6,6
2016-07-09,1,645,0,0,8.96,100,122,70,1,1,0,0,,1,iWktFGW1Vv2mVSNgKg2H,eJsPCRFHAvNPBR4bzYA2,2,6,6
2016-06-26,1,660,0,0,9.17,100,122,70,1,1,0,0,,1,II7O2ZKqdQdPnfmwXDc3,U75ilSAKG3uvlmndNYKu,2,6,6
2016-06-04,1,645,0,0,8.96,100,122,70,1,1,0,0,,1,BB3QvcbBawEzmw4Lipgq,XyUW0gVt47lO8lkuRJQu,2,6,6
2016-05-07,1,643,0,0,8.93,100,122,70,1,1,0,0,,1,oysX2wlEzxAhNeQYFO0F,vARbNOX2qlhlSuPbjyZY,2,6,6
2016-04-13,1,666,0,0,9.25,100,122,70,1,1,0,0,,1,DUrrG8hCHM39YsJMVFDZ,K5CFGiHZJYbpZIzzozxa,2,6,6
2016-04-03,1,657,0,0,9.13,100,122,70,1,1,0,0,,1,SjzkRaaBfc8TrMgxx9c6,L7oOAb25Nqnq7Ocid5ri,2,6,6
2016-04-03,1,645,0,0,8.96,100,122,70,1,1,0,0,,1,yocJLr8d9zXcfMY45N4T,L7oOAb25Nqnq7Ocid5ri,2,6,6
2016-03-12,1,653,0,0,9.07,100,122,70,1,1,0,0,,1,qkdjxNM02QhKi9u8JVXu,jBasXmH6hT4mDqSFasfo,2,6,6
2016-01-15,1,570,0,0,9.5,100,40,18,1,0,0,0,,1,NFlkAjXCEKuiiLbz4wpX,cA5FMGpDoHC8ePBBwy8x,2,10,3
2016-01-09,1,580,0,0,9.67,100,40,18,1,0,0,0,,1,WFryElfAwLfYIUySMXsh,pElTSTsBh3bMaQdtdubc,2,10,3
2015-12-09,1,580,0,0,9.67,100,40,18,1,0,0,0,,1,JHWbBX6q9IjrzEa0K4On,iiYk3mXRKJXOmLdOAer5,2,10,3
2015-11-28,1,566,0,0,9.43,100,40,18,1,0,0,0,,1,7k3gFf2lQrbNhPJzOCIa,mfoBoAnE4KBbQC9a3Yaw,2,10,3
2015-11-28,1,570,0,0,9.5,100,40,18,1,0,0,0,,1,KJ4wobsajPcHV4oio3iB,mfoBoAnE4KBbQC9a3Yaw,2,10,3
2015-11-07,1,578,0,0,9.63,100,40,18,1,0,0,0,,1,yggiXpneVCcsoMDrV7h0,L3UD1wLdHWaTB9yZYwmo,2,10,3
2015-10-03,1,642,0,0,8.92,100,122,70,1,1,0,0,,1,rMMbML160lXoNaXt00Za,OtAMPSKmSog1kgRV1urO,2,6,6
2015-09-26,1,637,0,0,8.85,100,122,70,1,1,0,0,,1,bp0f9Qi8ljQFGsYO1BlR,4K7qhg5jtQEfZiFBIUfk,2,6,6
2015-07-18,1,648,0,0,9,100,122,70,1,1,0,0,,1,uiMRkDMQD9v2HVvU5TWl,fOkGzQ3AXy6a5A4lEHWF,2,6,6
2015-07-05,1,660,0,0,9.17,100,122,70,1,1,0,0,,1,adZZfvks91CBZQLHWaxI,sUTqcvDHTkr0huxWxmGV,2,6,6
2015-06-27,1,644,0,0,8.94,100,122,70,1,1,0,0,,1,UyGI3ftpbKcyxdlOfjVY,coKqAmBrfR8zUvfW2jKQ,2,6,6
2015-04-18,1,653,0,0,9.07,100,122,70,1,1,0,0,,1,ffl1jEZooepqDsGYNjwd,S00XfnaJhvKQXiyrPf7D,2,6,6
2015-04-18,1,656,0,0,9.11,100,122,70,1,1,0,0,,1,lLNuOfrBCUpcs2cT5bYm,S00XfnaJhvKQXiyrPf7D,2,6,6
2015-04-11,1,667,0,0,9.26,100,122,70,1,1,0,0,,1,O9BBLjEpGtsy4z9HCt3K,F5KAyUuzNF7QSxYSA6U9,2,6,6
2015-04-11,1,658,0,0,9.14,100,122,70,1,1,0,0,,1,ck61TB3sFJyHiXNgqmXP,F5KAyUuzNF7QSxYSA6U9,2,6,6
2015-01-23,1,583,0,0,9.72,100,40,18,1,0,0,0,,1,J85ZHESUnwLGW45ZiToa,aV0tBZH8eD3i01JiiAj6,2,10,3
2015-01-03,1,581,0,0,9.68,100,40,18,1,0,0,0,,1,mkYcasAPzAUTv0jZiyCq,ifMDzAAGX92NIxECjfcO,2,10,3
2015-01-03,1,588,0,0,9.8,100,40,18,1,0,0,0,,1,p4stIW6v9kyB6cAOyNWM,ifMDzAAGX92NIxECjfcO,2,10,3
2014-11-29,1,574,0,0,9.57,100,40,18,1,0,0,0,,1,2tXNho0a3bI4IHVRwe1a,NnjSaV8BxWplC1QB0CQT,2,10,3
2014-11-29,1,581,0,0,9.68,100,40,18,1,0,0,0,,1,OgZUDqO5kClwMehGB7v3,NnjSaV8BxWplC1QB0CQT,2,10,3
2014-11-29,1,590,0,0,9.83,100,40,18,1,0,0,0,,1,XvgnQpDM3GMTFbiiF0At,NnjSaV8BxWplC1QB0CQT,2,10,3
2014-11-08,1,577,0,0,9.62,100,40,18,1,0,0,0,,1,U4WyRzmCcZUbl08QYGnv,0l1yujWULpr2bIKIUgWz,2,10,3
2014-10-04,1,656,0,0,9.11,100,122,70,1,1,0,0,,1,MSEYugoZANhmmcp6LDah,M7Y9HiwCO8VrWs5mrHCr,2,6,6
2014-09-12,1,644,0,0,8.94,100,122,70,1,1,0,0,,1,BnFidXD2tALzQc1Ottj6,vBJnmJsUJuYNYyEQQOO9,2,6,6
2014-07-19,1,649,0,0,9.01,100,122,70,1,1,0,0,,1,RhxSwBJFD3GcTnFyzdw2,7s62m35ybE14Sdi5JciN,2,6,6
2014-06-21,1,661,0,0,9.18,100,122,70,1,1,0,0,,1,EcEZPluSZZN9y7wRdLpA,hCvSdtsau0dF6YrkcCRT,2,6,6
2014-05-30,1,658,0,0,9.14,100,122,70,1,1,0,0,,1,LXqB4hYu5Erl6w1YYyPr,ViqddJKxsX69e6BS9fVv,2,6,6
2014-05-18,1,650,0,0,9.03,100,122,70,1,1,0,0,,1,1qdxoNE3qUoxNGPFI9eQ,7xegCfL8BAY0y0SBmllj,2,6,6
2014-05-18,1,658,0,0,9.14,100,122,70,1,1,0,0,,1,8hBuLxizQ478m7cyDt08,7xegCfL8BAY0y0SBmllj,2,6,6
2014-05-03,1,641,0,0,8.9,100,122,70,1,1,0,0,,1,HxNsAqXJPgHTRFh19Kbk,ybVg7g1TRmAIm3O67zkf,2,6,6
2014-05-03,1,613,0,0,8.51,100,122,70,1,1,0,0,,1,iPIbUXHS8GtMOKplXXLn,ybVg7g1TRmAIm3O67zkf,2,6,6
2014-05-03,1,636,0,0,8.83,100,122,70,1,1,0,0,,1,y9J9p1bcBON7fYUhOuWH,ybVg7g1TRmAIm3O67zkf,2,6,6
2014-04-05,1,651,0,0,9.04,100,122,70,1,1,0,0,,1,HX6iiZB3O1bO4wuaj9km,80O4rSWSqoLxTMC4boEc,2,6,6
2014-03-29,1,643,0,0,8.93,100,122,70,1,1,0,0,,1,2w35kwhW4xuvtchH09eY,jymR8l02nd0fjk4hLdNT,2,6,6
2014-03-29,1,632,0,0,8.78,100,122,70,1,1,0,0,,1,aRMs1LggB7DeogMvYYs6,jymR8l02nd0fjk4hLdNT,2,6,6
2014-01-25,1,586,0,0,9.77,100,40,18,1,0,0,0,,1,kT2gyFFCm9EdRtvuS6Py,MJM6CeBUyclozg8OFdtm,2,10,3
2014-01-18,1,579,0,0,9.65,100,40,18,1,0,0,0,,1,QGSK6Jea9o56sZ48rzLe,OWueEcofzqGdpcrTPQi8,2,10,3
2014-01-18,1,577,0,0,9.62,100,40,18,1,0,0,0,,1,Z1yKufQXhnlXzQyrpPFe,OWueEcofzqGdpcrTPQi8,2,10,3
2014-01-11,1,590,0,0,9.83,100,40,18,1,0,0,0,,1,OBEM3JmcReMHTK7yxo1A,mUIfu2dpujGkbk2HJNVX,2,10,3
2014-01-11,1,579,0,0,9.65,100,40,18,1,0,0,0,,1,wnQbTSvGfM1Ba3rgcunY,mUIfu2dpujGkbk2HJNVX,2,10,3
2014-01-04,1,572,0,0,9.53,100,40,18,1,0,0,0,,1,SdvNQ1mvVlVmRBEDuuJV,NOFNaBzavWuVKe5Ptkp7,2,10,3
2013-12-14,1,579,0,0,9.65,100,40,18,1,0,0,0,,1,tKCjzW16paeBf4yYlQkz,a3EO0xqOkUyTJuPIouW2,2,10,3
2013-11-30,1,575,0,0,9.58,100,40,18,1,0,0,0,,1,E2BBAJ70uojh8HGKcd4a,vclGAveMsJLPr5OZaRPH,2,10,3
2013-11-30,1,574,0,0,9.57,100,40,18,1,0,0,0,,1,h1LFOd7u0V0HIaDVfvxR,vclGAveMsJLPr5OZaRPH,2,10,3
2013-11-30,1,585,0,0,9.75,100,40,18,1,0,0,0,,1,yzlpbwQqOzqghiOxMlon,vclGAveMsJLPr5OZaRPH,2,10,3
2013-09-07,1,651,0,0,9.04,100,122,70,1,1,0,0,,1,IqwTVdUa7oz2Lq3zoGLg,yLDR7z04tdSYDtuLIQWe,2,6,6
2013-08-31,1,653,0,0,9.07,100,122,70,1,1,0,0,,1,dmCMsh5Ny46OZ4IADt9I,Sz04lda4dZPeXI55D13X,2,6,6
2013-07-07,1,666,0,0,9.25,100,122,70,1,1,0,0,,1,mWrJ9Vuxs5vn4q7s6bMk,OLSPHDORYtHFofp8FqL6,2,6,6
2013-06-01,1,657,0,0,9.13,100,122,70,1,1,0,0,,1,Bo8FdhwLcORxErzFRFpd,3L8yb18tY0DShX4PwWrD,2,6,6
2013-05-04,1,652,0,0,9.06,100,122,70,1,1,0,0,,1,BXt4hPnxwD5ckBQ3eo6c,iAU0qq4WXTwxdqABp1yc,2,6,6
2013-04-13,1,673,0,0,9.35,100,122,70,1,1,0,0,,1,sZZdeSHP62J1eT3pgUKB,0imaLY4k5hF6PzUxrJii,2,6,6
2013-03-01,1,563,0,0,9.38,100,40,18,1,0,0,0,,1,0of9u9NH1nm4nDjnmTe5,iYjR6DHlLq1sHi95iPja,2,10,3
2013-02-24,1,581,0,0,9.68,100,40,18,1,0,0,0,,1,xWfBMqPcr7Q8JHZDTRiQ,i6ka16aZddcwiAL9p0ag,2,10,3
2013-02-02,1,581,0,0,9.68,100,40,18,1,0,0,0,,1,3a33thlJeVWtq9txwfCw,7HE9UQBRi2jXERsETvOK,2,10,3
2013-01-26,1,579,0,0,9.65,100,40,18,1,0,0,0,,1,fvmLmfewve0vCrb6KTEG,WjxDAFsuxzHgtjUi21d4,2,10,3
2013-01-18,1,569,0,0,9.48,100,40,18,1,0,0,0,,1,GsGPYxq3qRJIhTTvJsGT,1FMMwHdhvBKnkAbgTjYZ,2,10,3
2013-01-05,1,571,0,0,9.52,100,40,18,1,0,0,0,,1,28HT7aBGynsLk7eoUGPE,YNbKew9ictosjm8SbXsW,2,10,3
2013-01-05,1,572,0,0,9.53,100,40,18,1,0,0,0,,1,e1QuWKo8vu4L3Qz6Sb9a,YNbKew9ictosjm8SbXsW,2,10,3
2012-12-15,1,575,0,0,9.58,100,40,18,1,0,0,0,,1,7h2vXClFrvEyzNLeaO0M,YGY6WGUlWd1Ooi7lFRlb,2,10,3
2012-12-08,1,569,0,0,9.48,100,40,18,1,0,0,0,,1,MzxQCuMFXanv80jgEjEj,8U0FE5ymVQiBnQk4LOUx,2,10,3
2012-12-01,1,585,0,0,9.75,100,40,18,1,0,0,0,,1,hyM4uKNpCAMJbz7a6CQy,uCunFk55EfAnrsvZoGIL,2,10,3
2012-10-21,1,658,0,0,9.14,100,122,70,1,1,0,0,,1,i2jPdKFGYYhJRZCpWez2,zJZ9pgJxckzCycQxN6WX,2,6,6
2012-09-22,1,645,0,0,8.96,100,122,70,1,1,0,0,,1,UA4Pz7DQwZKV3ohXI1SH,yGwqondklVno4kHNTRdo,2,6,6
2012-09-01,1,652,0,0,9.06,100,122,70,1,1,0,0,,1,M9dX5jtgwojgpv0ndO1a,t1rqcrLHJvy2nSPKjlpT,2,6,6
2012-07-21,1,645,0,0,8.96,100,122,70,1,1,0,0,,1,2Ya2KcT98yov6iAFQrpT,HqPLRfRJYWhA6A4MGqPw,2,6,6
2012-07-10,1,675,0,0,9.38,100,122,70,1,1,0,0,,1,gXPmWFPL2LH5bYrAuYh9,mBtIRK5HbCVuqhM9doXS,2,6,6
2012-07-05,1,667,0,0,9.26,100,122,70,1,1,0,0,,1,LluPx9Ru5dfLADy1amgA,fBSaFrXxdgAsC6bbPtKQ,2,6,6
2012-06-30,1,652,0,0,9.06,100,122,70,1,1,0,0,,1,6qH44Io6ut2VXM0hRIhC,xBL6WXhlbKnX5OxEPfLw,2,6,6
2012-06-17,1,634,0,0,8.81,100,122,70,1,1,0,0,,1,j5gzSHEJhE8ytoowxyA1,pKhQLD9gjvPFo27nYHz7,2,6,6
2012-06-02,1,687,0,0,9.54,100,122,50,1,1,0,0,,1,Fq1lA7h6PJSRu7SIjaBL,yrPAQ16LDAJVJPGG6T6U,2,6,6
2012-06-02,1,658,0,0,9.14,100,122,70,1,1,0,0,,1,KW8grASJm2Ec7usfkftv,yrPAQ16LDAJVJPGG6T6U,2,6,6
2012-05-12,1,671,0,0,9.32,100,122,70,1,1,0,0,,1,BLaPPJtDy1zS3CSZTZq6,eA4TMP0YBKjZ2c5pY0YS,2,6,6
2012-05-02,1,667,0,0,9.26,100,122,70,1,1,0,0,,1,1ZISK7FVJ0MUgSa9407T,ryd9776rqnu346x7WT07,2,6,6
2012-04-11,1,662,0,0,9.19,100,122,70,1,1,0,0,,1,2mFBcOC8GlUCY19vurdk,nBHRNpOsazcCX2d4ebYN,2,6,6
2012-01-20,1,576,0,0,9.6,100,40,18,1,0,0,0,,1,MK8FKUND3trFZ7hs9E5G,JYeNL6K8CvJQnESCBu3A,2,10,3
2012-01-07,1,580,0,0,9.67,100,40,18,1,0,0,0,,1,vZYBNBOSbXtZ8YDJ8u9n,GGlVipZIV22RtOe02PVv,2,10,3
2011-12-10,1,576,0,0,9.6,100,40,18,1,0,0,0,,1,4kwK9VrOKuFQXU07wkMT,nB1bdDh6NHb5jBfp9Zae,2,10,3
2011-11-26,1,587,0,0,9.78,100,40,18,1,0,0,0,,1,tvoeHsF3YDdEXynpw4rF,zhjqEObRu5HP55dR5jm3,2,10,3
2011-10-02,1,670,0,0,9.31,100,122,70,1,1,0,0,,1,4uFfC8Iu51CoUS9nfbEe,zFAHyQkDRrjtdp4KSDVv,2,6,6
2011-09-04,1,662,0,0,9.19,100,122,70,1,1,0,0,,1,eAUuwnUxkrZ8lul38Yd6,IiiMW8achfJhpsbky0y8,2,6,6
2011-08-27,1,642,0,0,8.92,100,122,70,1,1,0,0,,1,o7q3wf9Sszj4FnqJxdac,zAkXfTG7a1EfK7I69nJ5,2,6,6
2011-08-18,1,666,0,0,9.25,100,122,70,1,1,0,0,,1,7jMBasKNYoZZIhZgQFOU,caF2eo1ATargqXPjTPR9,2,6,6
2011-08-02,1,658,0,0,9.14,100,122,70,1,1,0,0,,1,1MD7606UCh5nwqWOKD6P,ExyZLhi3RSvRV6wsEI5H,2,6,6
2011-08-02,1,660,0,0,9.17,100,122,70,1,1,0,0,,1,4ziKmpHkKBFLbKRqyA6u,ExyZLhi3RSvRV6wsEI5H,2,6,6
2011-07-23,1,636,0,0,8.83,100,122,70,1,1,0,0,,1,qMnmMVJXH2iL5K6pJM1f,mWL0QVBQmNJCenaHnF0B,2,6,6
2011-06-18,1,654,0,0,9.08,100,122,70,1,1,0,0,,1,MLVCqtvBIrpDgIVy2tku,Qo1lwF6nao5T91XzrGK1,2,6,6
2011-06-07,1,658,0,0,9.14,100,122,70,1,1,0,0,,1,OrzaL1CYQ8KGPpPXML1h,KrX3uHmS8atPI3GHAgpf,2,6,6
2011-05-28,1,665,0,0,9.24,100,122,70,1,1,0,0,,1,PVKW7jAl6YmwtPcwMmLN,hym1F34l9LxKCmWqCBXD,2,6,6
2011-05-24,1,658,0,0,9.14,100,122,70,1,1,0,0,,1,Yy0NTOBTLyyEStYkgIXu,2fXDQVyjBG1OFtt4OCTp,2,6,6
2011-05-07,1,648,0,0,9,100,122,70,1,1,0,0,,1,EecoIOuQxalxjTQmcEkO,EwooTRjV9T6SXpkqZXbr,2,6,6
2011-04-17,1,616,0,0,8.56,100,122,70,1,1,0,0,,1,ACcP3BrfmRoEHo69Teyc,SswwfA4gdY9MYOdFIVP6,2,6,6
2011-04-02,1,649,0,0,9.01,100,122,70,1,1,0,0,,1,FNV81PDoXfkLrBZhVh20,eO3dA923u4KH7KkjaqiD,2,6,6
2011-03-16,1,584,0,0,9.73,100,40,18,1,0,0,0,,1,mYwNT3HOK8jpGhVevDnz,vMRA8uHdokvhesr11Zy1,2,10,3
2011-03-12,1,637,0,0,8.85,100,122,70,1,1,0,0,,1,WHDbS1CqbpQqkkXy2LDq,vfuie5qObPP04KJCsbI5,2,6,6
2011-02-20,1,585,0,0,9.75,100,40,18,1,0,0,0,,1,O4r4D0Xhut2eT2vPWaK4,FdjfHADFaoEpYXvBPR7s,2,10,3
2011-01-21,1,581,0,0,9.68,100,40,18,1,0,0,0,,1,ftrXGNJ4m8WENj7e9Jdo,VdQ0Kfk0R0eXUmOJ54AQ,2,10,3
2011-01-08,1,584,0,0,9.73,100,40,18,1,0,0,0,,1,aDPxHVHK1fVBIOHIJOJa,wtDS5Btq2unA8Gic6q7V,2,10,3
2011-01-08,1,583,0,0,9.72,100,40,18,1,0,0,0,,1,ch9ktbmhSXHjbtNe4QCK,wtDS5Btq2unA8Gic6q7V,2,10,3
2010-12-04,1,585,0,0,9.75,100,40,18,1,0,0,0,,1,6JsGZz07JxDRr1kXnguo,RHGNt8cVLbhVKzwAmr22,2,10,3
2010-12-04,1,581,0,0,9.68,100,40,18,1,0,0,0,,1,AfOPiXaRuHByhiZqacX0,RHGNt8cVLbhVKzwAmr22,2,10,3
2010-12-04,1,573,0,0,9.55,100,40,18,1,0,0,0,,1,efjxpaX50OGWqbWYh6ry,RHGNt8cVLbhVKzwAmr22,2,10,3
2010-10-02,1,663,0,0,9.21,100,122,70,1,1,0,0,,1,6z3pgV0cK21NU8rPyyK4,vdow1v0DzmTDV3md0B7o,2,6,6
2010-09-23,1,665,0,0,9.24,100,122,70,1,1,0,0,,1,e50j0hoeWyElw4CvUpoA,oGpVKS7csWkXjEDEQN6P,2,6,6
2010-08-28,1,654,0,0,9.08,100,122,70,1,1,0,0,,1,jIofG5UwzTMJiX3b6Rdy,EAGhngYm1iWc5MKdKdXY,2,6,6
2010-08-04,1,651,0,0,9.04,100,122,70,1,1,0,0,,1,NNgE7nRfvFc92HlZfcd5,9FjHwm3Bl115M24OKo5m,2,6,6
2010-07-24,1,656,0,0,9.11,100,122,70,1,1,0,0,,1,wP2fSnVZMcCBXKrxwTS1,xpNgqYF3hCJbrOxI7kgS,2,6,6
2010-07-04,1,645,0,0,8.96,100,122,70,1,1,0,0,,1,LKMLc4bNRHii4Y4vdyXz,qv55zoLeDo7MZENCc5U1,2,6,6
2010-07-04,1,690,0,0,9.58,100,122,50,1,1,0,0,,1,hcNf13b3DrvisRKudVaW,qv55zoLeDo7MZENCc5U1,2,6,6
2010-06-27,1,653,0,0,9.07,100,122,70,1,1,0,0,,1,pxFlCOVQUMaiupiIQUtg,nQDuExwItqXCPdYgAknT,2,6,6
2010-06-19,1,652,0,0,9.06,100,122,70,1,1,0,0,,1,UhrEgLNqqs6VoxullSyO,6Mr2KqVVxOIevgeedZtF,2,6,6
2010-06-08,1,658,0,0,9.14,100,122,70,1,1,0,0,,1,POEwcaOCtSHCqFlzUEr3,iyzVX5MoYIOXqGzxiJFQ,2,6,6
2010-05-15,1,640,0,0,8.89,100,122,70,1,1,0,0,,1,Hb1fbdytDt65HKqEfa9O,fd8XRNQ70MjLAPtNdL8q,2,6,6
2010-05-01,1,659,0,0,9.15,100,122,70,1,1,0,0,,1,wo8nzCfTRrvpLiDV4Dyq,2eEFCm0He2ghgK9aNJMq,2,6,6
2010-04-24,1,643,0,0,8.93,100,122,70,1,1,0,0,,1,SzMuZYOo7QdEaIxddXqz,rMitV4eERHQP0vEXRAYc,2,6,6
2010-04-24,1,652,0,0,9.06,100,122,70,1,1,0,0,,1,h5fOOO4PW6ycz8e74lFw,rMitV4eERHQP0vEXRAYc,2,6,6
2010-04-24,1,642,0,0,8.92,100,122,70,1,1,0,0,,1,wSVos7Xylqyx1aDla4kd,rMitV4eERHQP0vEXRAYc,2,6,6
2010-04-17,1,662,0,0,9.19,100,122,70,1,1,0,0,,1,wlG4uw81jCvbjjoWnn4Y,sLb0QXg6r2BxaDEPJBpG,2,6,6
2010-03-31,1,652,0,0,9.06,100,122,70,1,1,0,0,,1,KuSN7xj2jJfG6CtpsffY,sLQmt8rjN7Hn6dfBdEvb,2,6,6
2010-03-17,1,565,0,0,9.42,100,40,18,1,0,0,0,,1,pDSgv0HlFFzx6IicIpXp,5wO4hUcpOHghOrkdhqnW,2,10,3
2010-02-13,1,582,0,0,9.7,100,40,18,1,0,0,0,,1,diPNdALy6MVSioZVOROs,vqKsaPWAjMXz7L9ylUek,2,10,3
2010-01-30,1,590,0,0,9.83,100,40,18,1,0,0,0,,1,6iqZamNA4b3My8FmYseC,E60kU2ECrpKAKrQLYDLd,2,10,3
2010-01-22,1,585,0,0,9.75,100,40,18,1,0,0,0,,1,8JVstIMf4jlA2AF8cLNl,VbkJi5Hgwj6BjpPPdv3S,2,10,3
2010-01-16,1,576,0,0,9.6,100,40,18,1,0,0,0,,1,5ZuNqyIeSkbpeTlspgqm,Pmolrk65nOspRU9pToj3,2,10,3
2010-01-09,1,581,0,0,9.68,100,40,18,1,0,0,0,,1,WEDtRvwAiZHZEvML5p7M,fimKCD1IseQDRwHySpNK,2,10,3
2009-12-19,1,575,0,0,9.58,100,40,18,1,0,0,0,,1,LafswYqxJ1G4DMT7lAvq,DWGgiClnoOpRaApoEzAJ,2,10,3
2009-12-12,1,585,0,0,9.75,100,40,18,1,0,0,0,,1,f2o3fnEM4y4SRbMC09Mc,3JWyjGuVLQuqmnWkA1yl,2,10,3
2009-12-06,1,562,0,0,9.37,100,40,18,1,0,0,0,,1,m1LffFOm6Q5dhvNyFslQ,J5MTolFwr1xaqpt03WSm,2,10,3
2009-10-09,1,647,0,0,8.99,100,122,70,1,1,0,0,,1,y4ltdfN4jLnA2yYaFEs5,9krdImV137W4Vf5DcAAv,2,6,6
2009-09-09,1,654,0,0,9.08,100,122,70,1,1,0,0,,1,kgdBSi9nnN0twTe8LU2z,wl39LWOaJFA5eU5RrcW1,2,6,6
2009-08-08,1,649,0,0,9.01,100,122,70,1,1,0,0,,1,tFGjB1v7KF90xzX7KACL,gJMi5ldIKU8KwbVOAQVZ,2,6,6
2009-07-25,1,642,0,0,8.92,100,122,70,1,1,0,0,,1,l4yPiXbl9iPtv6UhQ1kn,QBuKTtj1FFppNkrBbZMP,2,6,6
2009-07-18,1,646,0,0,8.97,100,122,70,1,1,0,0,,1,8jYaQ1tjTaLKNbSokPC8,7M8hmxf1UWqj6et0dGas,2,6,6
2009-07-17,1,645,0,0,8.96,100,122,70,1,1,0,0,,1,Ltxb5RuCrSVsp3zkDNNB,Mrf0Q6lGmB1RWk3k8q0I,2,6,6
2009-06-27,1,647,0,0,8.99,100,122,70,1,1,0,0,,1,wgFxp727mD6c5UnHrS5f,svoMOoJe0zoVYN8W4tap,2,6,6
2009-06-13,1,665,0,0,9.24,100,122,70,1,1,0,0,,1,8KhkqMTfvSWgfmhscu48,yCLBUheXly7QXR4NHYCg,2,6,6
2009-06-07,1,657,0,0,9.13,100,122,70,1,1,0,0,,1,eaGU8zCPsy9SRopCcxb8,V4YfVCE2rVVRNH7mQ0bx,2,6,6
2009-05-23,1,664,0,0,9.22,100,122,70,1,1,0,0,,1,B5KAeiFe5fhwPTIZ2KxM,P6SlJ0exgTF2qrOJsVre,2,6,6
2009-05-16,1,649,0,0,9.01,100,122,70,1,1,0,0,,1,EiFtvmRhM9Z5GWt7IFnd,FVblvluMgVzdvplMfsFQ,2,6,6
2009-05-10,1,650,0,0,9.03,100,122,70,1,1,0,0,,1,IgDz0MllwAPXgPQ8SIz3,OZv923FyJH9otZ1cYXkn,2,6,6
2009-04-25,1,648,0,0,9,100,122,70,1,1,0,0,,1,Md70w7hZIQztURc77udm,WR6m4pTPFzg5XAuQZfSs,2,6,6
2009-04-04,1,660,0,0,9.17,100,122,70,1,1,0,0,,1,Fg8rKsr1vr5rRIMFZq6T,8jWRkSDQCLgT2hypg8gP,2,6,6
2009-04-04,1,652,0,0,9.06,100,122,70,1,1,0,0,,1,PPFRSTO15yVDcaWzn7zB,8jWRkSDQCLgT2hypg8gP,2,6,6
2009-03-18,1,575,0,0,9.58,100,40,18,1,0,0,0,,1,BcRWvxa6U1K2PJqqXzfy,j2ujHVEWqu3MmjymRHyP,2,10,3
2009-03-06,1,574,0,0,9.57,100,40,18,1,0,0,0,,1,tBX3ljtx5nQbagKZPImU,MlYSWmBl5tV0dI4Y9O9p,2,10,3
2009-02-21,1,576,0,0,9.6,100,40,18,1,0,0,0,,1,qBnb5OHPDcrMA5dhqBaJ,7Y3FscjujU6IVnlt3fke,2,10,3
2009-01-23,1,579,0,0,9.65,100,40,18,1,0,0,0,,1,SvteY464bHAh1TBCkGeN,n8pS4xxjqsKRt5KIki37,2,10,3
2009-01-17,1,580,0,0,9.67,100,40,18,1,0,0,0,,1,JTsKdrQykndSnE3OgaIc,mMHR0YUqJUptrEyq1lT1,2,10,3
2009-01-17,1,582,0,0,9.7,100,40,18,1,0,0,0,,1,JrBQ7l6lQrGZJM9SBRXO,mMHR0YUqJUptrEyq1lT1,2,10,3
2009-01-17,1,576,0,0,9.6,100,40,18,1,0,0,0,,1,sr5q2rTUuuEXpipV0vDg,mMHR0YUqJUptrEyq1lT1,2,10,3
2008-11-23,1,579,0,0,9.65,100,40,18,1,0,0,0,,1,3XaB8Y9wPCZyEM42iA6F,QwDmqQVVAqQEcWcM6S1D,2,10,3
2008-11-15,1,582,0,0,9.7,100,40,18,1,0,0,0,,1,rU7X9HbsKBBU2R3bJaip,EEapMhNYfuh2YiDyesli,2,10,3
2008-09-13,1,654,0,0,9.08,100,122,70,1,1,0,0,,1,CGaNTBezxYhDir5W3sCl,VWpan26nClKi67i14DQp,2,6,6
2008-07-26,1,654,0,0,9.08,100,122,70,1,1,0,0,,1,lh7mKZH9cVqrUM09vPI9,lgpJVEST9RyjaIv63B02,2,6,6
2008-07-05,1,633,0,0,8.79,100,122,70,1,1,0,0,,1,48ZGSQnLeM1Miu3AJOly,WG13zcrJ0YV3ebkyvcZ4,2,6,6
2008-07-05,1,677,0,0,9.4,100,122,50,1,1,0,0,,1,Zs950BNyNAbP0AJv1gb5,WG13zcrJ0YV3ebkyvcZ4,2,6,6
2008-06-28,1,650,0,0,9.03,100,122,70,1,1,0,0,,1,faRtfdT4WoRn6hwucr9m,vpxWPZuAazbe0D3c2pev,2,6,6
2008-06-23,1,634,0,0,8.81,100,122,70,1,1,0,0,,1,deSfBDs1hX31QRnyqiqa,fB9tgi9t5KXHH8sqjqIm,2,6,6
2008-06-14,1,647,0,0,8.99,100,122,70,1,1,0,0,,1,7ACQXbNj0mbIuzEw1kGl,x23gR2UHQfQtQCCoOvZm,2,6,6
2008-05-31,1,639,0,0,8.88,100,122,70,1,1,0,0,,1,oxI5cEY30hgLTqSQJFKk,Ln4pqDhartbFXYMEcyXS,2,6,6
2008-05-24,1,681,0,0,9.46,100,122,50,1,1,0,0,,1,kq0z5rLOlknjk42UZs9e,gzDb7lr36Ks1zcGG606n,2,6,6
2008-05-24,1,685,0,0,9.51,100,122,50,1,1,0,0,,1,qx0g0AmQxxXaiJOzHEFv,gzDb7lr36Ks1zcGG606n,2,6,6
2008-05-12,1,663,0,0,9.21,100,122,70,1,1,0,0,,1,nAZuu21Oj5pZVGUQFmQ3,2H2MmECh3Phdyjn0R7aj,2,6,6
2008-05-03,1,659,0,0,9.15,100,122,70,1,1,0,0,,1,7fYmECXHDx1Hvb5nOnHa,X4BsGlevrfv0XaUolIfm,2,6,6
2008-04-19,1,652,0,0,9.06,100,122,70,1,1,0,0,,1,ojogoeDFkftVURPhg0jC,NvsC1DOo0GpRPiN6L8Pg,2,6,6
2008-04-19,1,643,0,0,8.93,100,122,70,1,1,0,0,,1,zBmM7BTlEYrsKeiitNFi,NvsC1DOo0GpRPiN6L8Pg,2,6,6
2008-04-05,1,643,0,0,8.93,100,122,70,1,1,0,0,,1,d4rGaXwkxs07OOnMKLl7,3F9rX1lEDFZCbPpIRwo8,2,6,6
2008-02-16,1,581,0,0,9.68,100,40,18,1,0,0,0,,1,j8BNECNr2P317rzFmrJJ,I2b2l5AGE8eOWgRNe1PO,2,10,3
2008-02-10,1,579,0,0,9.65,100,40,18,1,0,0,0,,1,MjOja2PQXoJdngciJWFN,7ya6jAJ8hVCBvCH1cIdo,2,10,3
2008-01-25,1,584,0,0,9.73,100,40,18,1,0,0,0,,1,P6ZwKiLN23keoSPsfJc8,hO6c9SuCRKhtRruR9pKY,2,10,3
2008-01-05,1,586,0,0,9.77,100,40,18,1,0,0,0,,1,H0bgdhQCXTg6PfD1igUW,Sc1cN4UTxyC757NMSEBn,2,10,3
2008-01-05,1,581,0,0,9.68,100,40,18,1,0,0,0,,1,Sm8D5dXkEuQX9ISBd7l7,Sc1cN4UTxyC757NMSEBn,2,10,3
2007-12-15,1,573,0,0,9.55,100,40,18,1,0,0,0,,1,KhnlZuVPYetFdMllAvQ4,E079wirXohEzwYmElnM2,2,10,3
2007-12-01,1,579,0,0,9.65,100,40,18,1,0,0,0,,1,hJBgx0Df29r9jpUkTW3o,89liAAK16kxsg8fvqOQT,2,10,3
2007-11-17,1,583,0,0,9.72,100,40,18,1,0,0,0,,1,TCcMJzlsV7Cq5ojgB7S8,Gbxz4Q2df5datv6GgFyX,2,10,3
2007-10-13,1,583,0,0,9.72,100,40,18,1,0,0,0,,1,AUuqANvjylE6iuFTAE01,Qe2ZEI0zqDXxiM2GQAPj,2,10,3
2007-08-24,1,690,0,0,9.58,100,122,50,1,1,0,0,,1,7hX1jvSiOyAK4NB2VB0c,4DaSVT8UFZHXCTHrc0c7,2,6,6
2007-08-19,1,682,0,0,9.47,100,122,50,1,1,0,0,,1,HX8vgqP68uP3uPt6MX6C,f9WkcN4Ou4A2wLxTv6JW,2,6,6
2007-08-12,1,654,0,0,9.08,100,122,70,1,1,0,0,,1,oZ9hA1QH4ckfZnM5RSyN,vPtUxDb9kJyS2tjEzb6Y,2,6,6
2007-08-05,1,699,0,0,9.71,100,122,50,1,1,0,0,,1,fy8z7JinNvrvEEmOufR2,aHfV8xnAxGzxPAtDPxbJ,2,6,6
2007-07-28,1,637,0,0,8.85,100,122,70,1,1,0,0,,1,pIp1vh68iV85blwNpVTf,hx9ViCulgQoBr8pXU0Bq,2,6,6
2007-07-22,1,682,0,0,9.47,100,122,50,1,1,0,0,,1,o5s2pQ8NhMMvB707AKcV,ODK7tZTA2rLquLwGrMnK,2,6,6
2007-06-23,1,636,0,0,8.83,100,122,70,1,1,0,0,,1,V25kzjuHOtGqe6iQhsZW,FoLz5SorxS4BzP7Hbjqp,2,6,6
2007-06-16,1,648,0,0,9,100,122,70,1,1,0,0,,1,1j0OTcILM9vVvPzQZWRI,v9BQIWAfzklYIQPsOow2,2,6,6
2007-06-09,1,657,0,0,9.13,100,122,70,1,1,0,0,,1,OHqecoTPwwVmF2ZOAUDA,xRZAGWm2ZCshazglcQBF,2,6,6
2007-06-09,1,646,0,0,8.97,100,122,70,1,1,0,0,,1,bZiNeYn3nefnULHvTDle,xRZAGWm2ZCshazglcQBF,2,6,6
2007-06-09,1,641,0,0,8.9,100,122,70,1,1,0,0,,1,jRD9cgiY2CfvkDZ4IiM3,xRZAGWm2ZCshazglcQBF,2,6,6
2007-05-19,1,644,0,0,8.94,100,122,70,1,1,0,0,,1,V7ocFZ2lFGIqDqoSTHOf,zCJATwuyCDDfhGiSzcpM,2,6,6
2007-05-05,1,675,0,0,9.38,100,122,50,1,1,0,0,,1,qQO532JeSNmZ7J5DJFcM,IWre7axPfiRHMKfsfmcY,2,6,6
2007-04-28,1,652,0,0,9.06,100,122,70,1,1,0,0,,1,sUe26gO241BV3oVKgO1t,IGMJT1ebTC1J4b7sOe35,2,6,6
2007-04-14,1,647,0,0,8.99,100,122,70,1,1,0,0,,1,8V130KskqntSJ4kBHicp,8xPBDe0YxD0oelREN222,2,6,6
2007-04-14,1,646,0,0,8.97,100,122,70,1,1,0,0,,1,Yy5gjEMKupUMpKgj65bN,8xPBDe0YxD0oelREN222,2,6,6
2007-03-02,1,565,0,0,9.42,100,40,18,1,0,0,0,,1,shz43LpzA25ridp2zgYF,b0LSqzz3SOZxWlXTFEdX,2,10,3
2007-02-17,1,577,0,0,9.62,100,40,18,1,0,0,0,,1,2UrdDY9MmJo50ArZyrzY,CQwfOuVuqxO44fhIBVGX,2,10,3
2007-02-10,1,562,0,0,9.37,100,40,18,1,0,0,0,,1,EWiQT9adoadabNfhAmrN,H87w8zJzbmUzblxznZ18,2,10,3
2007-02-03,1,570,0,0,9.5,100,40,18,1,0,0,0,,1,2FEzasbMmcJzyZ3k1OvR,sDP0OAnaYBUoDfrjNJez,2,10,3
2007-02-03,1,571,0,0,9.52,100,40,18,1,0,0,0,,1,BEIxgZsPorqIVS00IdBf,sDP0OAnaYBUoDfrjNJez,2,10,3
2007-01-27,1,564,0,0,9.4,100,40,18,1,0,0,0,,1,7njwxAjsuad6vVNI4YRY,ownYUy6DFD4rRWkK13vp,2,10,3
2007-01-20,1,574,0,0,9.57,100,40,18,1,0,0,0,,1,jTRkF6iRlA7We6FrcVCd,RZ15qCqcC5CSvWq0vpa6,2,10,3
2007-01-06,1,1147,0,0,9.56,100,40,18,1,0,0,0,,1,2r5DF5h1v9yOxpKqbbjR,NCzr15hLE45lIrUOTbKq,4,10,3
2006-12-16,1,574,0,0,9.57,100,40,18,1,0,0,0,,1,OocNPJ720fKHHdMAIvKZ,1MeyUqVvwkkkT31HhNV2,2,10,3
2006-12-02,1,570,0,0,9.5,100,40,18,1,0,0,0,,1,b27I5r6NyfByo7XnnBiy,zaFF84WqyKepqbAG0qG4,2,10,3
2006-11-25,1,539,0,0,8.98,100,40,18,0,0,0,0,,1,63LCDo5qL5CY7Ejq9Evg,fgjS0rooaKtLVyc7wE0M,2,10,3
2006-11-25,1,569,0,0,9.48,100,40,18,1,0,0,0,,1,Ap9laqc7SWDZ8RTHXlDT,fgjS0rooaKtLVyc7wE0M,2,10,3
2006-11-25,1,581,0,0,9.68,100,40,18,1,0,0,0,,1,e6hjS04svgLvISqQXseZ,fgjS0rooaKtLVyc7wE0M,2,10,3
2006-11-18,1,570,0,0,9.5,100,40,18,1,0,0,0,,1,tpoye0DBzpvikvUmdAnN,luskXSg3y9iJ6Tug1Un6,2,10,3
2006-11-11,1,580,0,0,9.67,100,40,18,1,0,0,0,,1,jFeOo9SodQzXXSxhof1x,ToWow7iT34frd67XntG1,2,10,3
2006-11-04,1,575,0,0,9.58,100,40,18,1,0,0,0,,1,qbiW7wGQNGKmwQwCLznv,C8x9mK0iuCV8YXWrAHqp,2,10,3
2006-10-28,1,565,0,0,9.42,100,40,18,0,0,0,0,,1,fno8GsQaq8QvShm4STae,Gc0tN6cXvrkbQ1AnW35f,2,10,3
2006-10-28,1,562,0,0,9.37,100,40,18,0,0,0,0,,1,hptAYnQdLJOsgBuiMKz1,Gc0tN6cXvrkbQ1AnW35f,2,10,3
2006-08-26,1,678,0,0,9.42,100,122,50,1,1,0,0,,1,dFELAPY1tVQSH38708Pu,Mgapx09alkNBupdj53hu,2,6,6
2006-08-22,1,648,0,0,9,100,122,70,1,1,0,0,,1,4T9VqQ7o66u3BBTeljv2,4n1tjAiDEBRodTRuKAKT,2,6,6
2006-07-27,1,631,0,0,8.76,100,122,70,1,1,0,0,,1,95Kum4XCMcLEQkGSqDWj,xjO3YpxYceFiBZ4pkwvN,2,6,6
2006-07-22,1,633,0,0,8.79,100,122,70,1,1,0,0,,1,bkwqY1c4eKp7THKCr5n8,UoyDMQo3CCdZsUQAOhw5,2,6,6
2006-07-08,1,639,0,0,8.88,100,122,70,1,1,0,0,,1,34KA5UsVtzknLc8nts6U,Z08e7GhA6aBjuNz94PXp,2,6,6
2006-07-01,1,635,0,0,8.82,100,122,70,1,1,0,0,,1,UM4xfXTLOqV0RApnmYbm,F8KyvTYktxnBsvyqU1kC,2,6,6
2006-07-01,1,684,0,0,9.5,100,122,50,1,1,0,0,,1,wpIv42bbyyqRP6np9qFm,F8KyvTYktxnBsvyqU1kC,2,6,6
2006-06-24,1,628,0,0,8.72,100,122,70,1,1,0,0,,1,6fZVlo8tzV760kU54Hxh,DEmRbgl249WZKc6J1QDS,2,6,6
2006-06-18,1,680,0,0,9.44,100,122,50,1,1,0,0,,1,mos1jydvsccS01OcWI3T,XLJyOnL4eTd5MR37Juzb,2,6,6
2006-06-17,1,628,0,0,8.72,100,122,70,1,1,0,0,,1,tgNXMznEzpgOXbnsGqJo,2JqNeCJebQN98Y3YxnAY,2,6,6
2006-06-03,1,605,0,0,8.4,100,122,70,1,1,0,0,,1,TBYLNQKMhhGTuxYQFoXl,q3ltxHFEC8RLh94VqusG,2,6,6
2006-06-03,1,625,0,0,8.68,100,122,70,1,1,0,0,,1,WVbZf3cq6xGYuK2Vja4C,q3ltxHFEC8RLh94VqusG,2,6,6
2006-05-27,1,624,0,0,8.67,100,122,70,1,1,0,0,,1,udp7ElxO1C8CfEgXJLem,eZPASH7KGXDeCJY7fRGw,2,6,6
2006-04-29,1,630,0,0,8.75,100,122,70,1,1,0,0,,1,6bsHj082veRWeBjGCXen,1BE0sht0tGebwD90feCZ,2,6,6
2006-04-29,1,114,0,0,3.17,100,122,50,1,1,0,0,,1,CN6qpRBJ55RgZPChIRrW,1BE0sht0tGebwD90feCZ,1,6,6
2006-04-29,1,665,0,0,9.24,100,122,50,1,1,0,0,,1,OMiSVMcxI0yw0MUTfnTJ,1BE0sht0tGebwD90feCZ,2,6,6
2006-04-22,1,623,0,0,8.65,100,122,70,1,1,0,0,,1,ewnNrWOACXtrT8W7q8Ny,vG9NayiiZP8YUZ0BwZq5,2,6,6
2006-03-18,1,570,0,0,9.5,100,40,18,1,0,0,0,,1,MWLcBiYsnVc0N9fiAxLr,VJRx9IWgFEOc6EJHWIVg,2,10,3
2006-03-04,1,570,0,0,9.5,100,40,18,1,0,0,0,,1,lHKCbPDjadpBJOVRLd26,WQ0kpbAZlsxwv59NGBa1,2,10,3
2006-02-11,1,562,0,0,9.37,100,40,18,1,0,0,0,,1,paoAVL2HDixx6zE93HQ9,rXo0trO1qZjhvnc5lLEF,2,10,3
2006-02-04,1,575,0,0,9.58,100,40,18,1,0,0,0,,1,PnCQ8A6h5t4rIH4Tc0NP,lzQSOgTaLgeg8qsc8F84,2,10,3
2006-01-28,1,574,0,0,9.57,100,40,18,1,0,0,0,,1,eFD5ceZUFur1GoxOp5za,JB3tey0EYeKZGZvxQA23,2,10,3
2006-01-21,1,585,0,0,9.75,100,40,18,1,0,0,0,,1,xuAEtdXoSg5sngb9gpEx,lCMgQX1zfgBdSulVsnRF,2,10,3
2006-01-14,1,576,0,0,9.6,100,40,18,1,0,0,0,,1,TJlDo3vThomxgWgYAPUN,QsLBwsLPHZUBcbtcyf5u,2,10,3
2006-01-08,1,577,0,0,9.62,100,40,18,1,0,0,0,,1,0H7Blhld6g80ThGhfb4R,QWqyNC1ALyKXWk4Sud11,2,10,3
2005-12-17,1,586,0,0,9.77,100,40,18,1,0,0,0,,1,lzbX0n9ezgzXCV6VOf3u,0gwpYCzDRyVOc2ZEKwfl,2,10,3
2005-12-10,1,584,0,0,9.73,100,40,18,1,0,0,0,,1,0MEHCMRqIMx29s1FtCC8,nFSuKJcnYGDU8mSOizrd,2,10,3
2005-12-10,1,587,0,0,9.78,100,40,18,1,0,0,0,,1,Ps7FPHbORqXEJUFATfl8,nFSuKJcnYGDU8mSOizrd,2,10,3
2005-12-03,1,581,0,0,9.68,100,40,18,1,0,0,0,,1,Elx6JcUqnkJRloYK6nkO,RCICljYfluA6lPCurUGY,2,10,3
2005-12-03,1,581,0,0,9.68,100,40,18,1,0,0,0,,1,WIeUQtKBy1MBhBD1MRnR,RCICljYfluA6lPCurUGY,2,10,3
2005-11-19,1,587,0,0,9.78,100,40,18,1,0,0,0,,1,q58UkDLJ9X1H1vdGmghu,l5n5jnO1QNs6o6En0JCn,2,10,3
2005-11-12,1,565,0,0,9.42,100,40,18,1,0,0,0,,1,I7MEh8U7WnxhwP14g0fh,9rSYakw8a97QcmpAbeZ3,2,10,3
2005-11-05,1,574,0,0,9.57,100,40,18,1,0,0,0,,1,Fkyi0RXfRjyIGvqXgs8T,oYLLRCf6gMe1t9PdZBEQ,2,10,3
2005-10-29,1,555,0,0,9.25,100,40,18,1,0,0,0,,1,hbhDxLYSXLI60SkBa5De,MDDmolzUHCLQEUkwkCjr,2,10,3
2005-10-22,1,581,0,0,9.68,100,40,18,1,0,0,0,,1,Y02AiCc8KHcnYH9Xs9MD,OggMNU1RgXVXIVJwDGeC,2,10,3
2005-10-15,1,566,0,0,9.43,100,40,18,1,0,0,0,,1,v3q7BnmVdm0bh8rT42rb,ysjwPvVWRKgkDA3KaCo2,2,10,3
2005-10-08,1,556,0,0,9.27,100,40,18,1,0,0,0,,1,a6K03rIWgfv6i9q1x5W1,m2sC9UP0mpVPHgdPqD3p,2,10,3
2005-09-10,1,674,0,0,9.36,100,122,50,1,1,0,0,,1,cA7cblXGbLIkpPDiiEhS,fpigL6ttTpaKNt2HikIx,2,6,6
2005-08-21,1,641,0,0,8.9,100,122,70,1,1,0,0,,1,OWUYg8C0YRlMZsnVxJ1E,9LKbDk25olNKpTi4Mf7J,2,6,6
2005-07-28,1,621,0,0,8.63,100,122,70,1,1,0,0,,1,HfLYxFj4QDGIWm6qsxay,jtdu7NHyMNnEbfhYoKcx,2,6,6
2005-07-16,1,606,0,0,8.42,100,122,70,1,1,0,0,,1,00L4K2XAx6fENv2ut6cC,2HF2tuULXEA171Gz5WAg,2,6,6
2005-07-01,1,621,0,0,8.63,100,122,70,1,1,0,0,,1,KdhE7vMAZXBlsbRNycoJ,AM6Bs4DK2mR6oDpNA4MG,2,6,6
2005-06-26,1,637,0,0,8.85,100,122,70,1,1,0,0,,1,1IlD9iL3iJNYGpyGp2Wm,62xDIbZPF9C7sxlgfJvu,2,6,6
2005-06-18,1,654,0,0,9.08,100,122,70,1,1,0,0,,1,TyxNGxGEcxCq5b3jwj4n,7Oh9aocoPE6aLPLiGeaC,2,6,6
2005-06-11,1,644,0,0,8.94,100,122,70,1,1,0,0,,1,JrjY167Dm1v5M9jXICIF,wLFnxSJO9VJwL6F2FjFC,2,6,6
2005-06-05,1,628,0,0,8.72,100,122,70,1,1,0,0,,1,8V8BNUPEZY8Fa2B4Xpew,MTS594BxkB5d11DYdvnP,2,6,6
2005-06-04,1,605,0,0,8.4,100,122,70,1,1,0,0,,1,mWj1iU4V3juMTbNRp5Ad,jXr5WNuQ76kKdriaB7oZ,2,6,6
2005-05-21,1,616,0,0,8.56,100,122,70,1,1,0,0,,1,p9fNZsWFdhIaFIrnpZwh,x5yjwcU0UCCdyEthQOze,2,6,6
2005-05-14,1,617,0,0,8.57,100,122,70,1,1,0,0,,1,h5GrW6EqZF51VsQpcyfL,afRJwyIJMSBZ1ZcHSMpa,2,6,6
2005-04-30,1,626,0,0,8.69,100,122,70,1,1,0,0,,1,i8ZNB4ujxXlVazNN9ao9,rSmjmYv8SCyyP4lG1ShT,2,6,6
2005-04-30,1,624,0,0,8.67,100,122,70,1,1,0,0,,1,mwGwS4dMcD2nzxFhVmSZ,rSmjmYv8SCyyP4lG1ShT,2,6,6
2005-04-23,1,626,0,0,8.69,100,122,70,1,1,0,0,,1,f5OnrqxwUIH38fY4r7zL,cOFPp1l60HdWI86La0X6,2,6,6
2005-02-11,1,557,0,0,9.28,100,40,18,1,0,0,0,,1,lB9GZI48zCRg3skSG1uW,JCl3wWxVSzn50V7l2wGu,2,10,3
2005-01-15,1,560,0,0,9.33,100,40,18,1,0,0,0,,1,yrnX6exBbSrb0VuPqHf1,jL0heWt5Azyt8qXuDS8G,2,10,3
2005-01-08,1,567,0,0,9.45,100,40,18,1,0,0,0,,1,fmKS3aULNUoHc72fk9mm,ssVi38NBcAb6d66slYtF,2,10,3
2004-12-18,1,562,0,0,9.37,100,40,18,1,0,0,0,,1,9QvjHuPXP5VIHGmanm2n,1bCylmZJuUCZyO5ZY3N8,2,10,3
2004-12-11,1,575,0,0,9.58,100,40,18,1,0,0,0,,1,KplosFwjWja1gZdFFErq,EIUkhioafrzabaMLV9zK,2,10,3
2004-12-11,1,562,0,0,9.37,100,40,18,1,0,0,0,,1,VEwxLO2D7ISzWqAMlR2j,EIUkhioafrzabaMLV9zK,2,10,3
2004-11-13,1,553,0,0,9.22,100,40,18,1,0,0,0,,1,m4VpwbHTheNbQPMR5PAA,4otIYcp3kCgYUlf7T63m,2,10,3
2004-08-27,1,676,0,0,9.39,100,122,50,1,1,0,0,,1,g31QNvnhLEbSswp28ppm,HE5dr5y0wbWVGNPMeTvf,2,6,6
2004-07-24,1,651,0,0,9.04,100,122,70,1,1,0,0,,1,bsumDKpGKPzBNoBRwaNP,S27INmcoM6lvhLSknfBU,2,6,6
2004-07-15,1,623,0,0,8.65,100,122,60,1,1,0,0,,1,TkyCtxbgyOcFu6q2M6BA,Pl6AgVRpUHggMS00kqog,2,6,6
2004-07-03,1,666,0,0,9.25,100,122,50,1,1,0,0,,1,wHwE3sqM74t7oTrCvE5H,GpkSyq5bvgE9pUEdZPCY,2,6,6
2004-06-27,1,619,0,0,8.6,100,122,60,1,1,0,0,,1,XK8AYmqArvUKvMRETouR,1Nv5i0c9C7K6tsF1893P,2,6,6
2004-06-06,1,672,0,0,9.33,100,122,50,1,1,0,0,,1,4uofwsLGoOo3bP6V03kH,QT6XM8eoOQMEzN4iZS7K,2,6,6
2004-06-06,1,616,0,0,8.56,100,122,60,1,1,0,0,,1,UfmlP2CHFAm700eETGpK,QT6XM8eoOQMEzN4iZS7K,2,6,6
2004-05-31,1,571,0,0,7.93,100,122,60,1,1,0,0,,1,afN8BYJKqW6Bx0Z2uAyw,uDL0egVHID4GYybe6FYu,2,6,6
2004-05-29,1,629,0,0,8.74,100,122,50,1,1,0,0,,1,GHpYmKM3TAFSBCZRh4x6,1YU30BUJblJneeKFWGCE,2,6,6
2004-05-22,1,627,0,0,8.71,100,122,50,1,1,0,0,,1,OXg9N27XddljrdDoW1H9,ATPKynOv22hiKfT91UEW,2,6,6
2004-05-22,1,620,0,0,8.61,100,122,50,1,1,0,0,,1,pm6fjKPGbxSJ3LTD9K9a,ATPKynOv22hiKfT91UEW,2,6,6
2004-05-16,1,611,0,0,8.49,100,122,50,1,1,0,0,,1,WlKmPH17l4EXwz8NSLn2,GgGm3AF05PG0YLnmN0dH,2,6,6
2004-05-15,1,588,0,0,8.17,100,122,60,1,1,0,0,,1,otoXrvODTQUewtPnSViy,GqoTCgFMaX5upMTcrevW,2,6,6
2004-05-08,1,522,0,0,7.25,100,122,60,1,1,0,0,,1,as0uZK2nBcHBu4odOPA7,Zi6v4KqccF4jqEOrHG59,2,6,6
2004-05-01,1,498,0,0,6.92,100,122,60,1,1,0,0,,1,HWPHZ0FcRsexm9fPqVtJ,t1VvALb6y4Ogbbn1jbRX,2,6,6
2004-04-25,1,565,0,0,7.85,100,122,60,1,1,0,0,,1,h5gSiTlkfMKWsvQWDDb3,6H92zGb0fBROdeLD3K8O,2,6,6
2004-02-20,1,563,0,0,9.38,100,40,18,1,0,0,0,,1,1lhqC9eYZHX0ba4kNlBA,2sODK8dlCRvdr1dXSWJJ,2,10,3
2004-02-07,1,562,0,0,9.37,100,40,18,1,0,0,0,,1,JiHNO539M7dFpBbfVqKD,jxGUemrZxkRzF2YyiNZ3,2,10,3
2004-01-24,1,551,0,0,9.18,100,40,18,1,0,0,0,,1,DWqoO620eXDgnGlNBWTG,xRrScc3iaYlHxpRijU1X,2,10,3
2004-01-16,1,552,0,0,9.2,100,40,18,1,0,0,0,,1,ukeyMrNEIu9OJA81r4ma,8y2IwllJNl7ZzWtTzxM4,2,10,3
2004-01-10,1,567,0,0,9.45,100,40,18,1,0,0,0,,1,WoyCkJKUZeYRZEMmq52l,OKJQuIEfzqhrLaqCErCG,2,10,3
2004-01-03,1,556,0,0,9.27,100,40,18,1,0,0,0,,1,1bS3TYXJQ3F32UfmgDle,WOJHJCrKidOHOsZcmpLO,2,10,3
2003-12-20,1,565,0,0,9.42,100,40,18,1,0,0,0,,1,Vs6Qwekl7JlQ5ALrFwoV,mNFsZ6BmdmahUf5ksz6P,2,10,3
2003-12-13,1,558,0,0,9.3,100,40,18,1,0,0,0,,1,OQnFqn7AOA0PSwF2FYKi,XRgyD0buTeP1tamUrChg,2,10,3
2003-12-06,1,556,0,0,9.27,100,40,18,1,0,0,0,,1,fQL2J8YFpONdtobSOWcG,byV2BCoUHdYieAjIUnZu,2,10,3
2003-11-22,1,559,0,0,9.32,100,40,18,1,0,0,0,,1,UWaDur5BSJwkyPKpDOol,O5TlUq8A6sinKW0zv7dU,2,10,3
2003-11-15,1,563,0,0,9.38,100,40,18,1,0,0,0,,1,xuDe3ypIoKsXC0pk0TY3,m2Bp9LpZW3S9TjvUYc35,2,10,3
2003-11-08,1,570,0,0,9.5,100,40,18,1,0,0,0,,1,hEEacMR0MxQigNz9k98s,V7oTC3awBvxDGFwAtUVa,2,10,3
2003-11-01,1,571,0,0,9.52,100,40,18,1,0,0,0,,1,3taIsLChs8Tc623YcSpH,09vJx6mp1XMBeRaRPu13,2,10,3
2003-10-18,1,543,0,0,9.05,100,40,18,1,0,0,0,,1,w5xWP17kAzCnq5NKXIPM,f1EuBLp8pUqXvhtDcG01,2,10,3
2003-10-11,1,555,0,0,9.25,100,40,18,1,0,0,0,,1,5o7JWuwfhncaoMuiwtoB,7PweUh83zRT8qyqhyI2J,2,10,3
2003-07-19,1,569,0,0,7.9,100,122,60,1,1,0,0,,1,6nmmpEoCHlSSGWsphGel,whGLgkL0MbH9KgwO6wZ7,2,6,6
2003-07-11,1,553,0,0,7.68,100,122,60,1,1,0,0,,1,rpfOazd6cCQ73ECTybOT,0IZO12aVTAbNUIbBMpsO,2,6,6
2003-07-06,1,575,0,0,7.99,100,122,60,1,1,0,0,,1,zNxbdPtooNKtuL8psHFy,AdPvpGpI48pK4ryOUUir,2,6,6
2003-06-08,1,594,0,0,8.25,100,122,60,1,1,0,0,,1,VgpKHxH2TJXGnVdRIVcd,SvTnPNewHNKtgJcRQzKg,2,6,6
2003-06-01,1,579,0,0,8.04,100,122,60,1,1,0,0,,1,iPyLz6Ryb9U64OWzhfXd,hDpFenmt0OpiigTuJL2n,2,6,6
2003-05-18,1,588,0,0,8.17,100,122,60,1,1,0,0,,1,ETQ20tPchE6yN7QNZB9v,VvlYWq8EFW2bd8XWdLtx,2,6,6
2003-02-21,1,538,0,0,8.97,100,40,18,1,0,0,0,,1,tbrRjlpGpo0cOHrGoyWL,7PfyAHfi2foN7GRhIDB3,2,10,3
2003-02-01,1,535,0,0,8.92,100,40,18,1,0,0,0,,1,tgNVgbuop7nqXQyZoREg,uiIDU8k0NlPMzEM514aH,2,10,3
2003-01-25,1,507,0,0,8.45,100,40,18,1,0,0,0,,1,b6V4L5UwWZsFFQB2lyho,vAcYT6NxuIlZg3HsKQuC,2,10,3
2003-01-11,1,533,0,0,8.88,100,40,18,1,0,0,0,,1,SkPN9JfTmqszMxrVsjbU,sdEWgMU3O5eMcJ2V55Pb,2,10,3
2002-12-14,1,533,0,0,8.88,100,40,18,1,0,0,0,,1,sHpcoCYWCuatkzrJuKHA,QUyb8GHirwTo2JChYtkP,2,10,3
2002-12-07,1,541,0,0,9.02,100,40,18,1,0,0,0,,1,XE9GF6wmEriUWmiMOzZZ,xp8rJ1y033kjEtcasFGH,2,10,3
2002-11-23,1,537,0,0,8.95,100,40,18,1,0,0,0,,1,z7rdvpblpxfJwlpD7wdP,M8WjPJ6e8WHKvqS13mpL,2,10,3
2002-11-16,1,510,0,0,8.5,100,40,18,1,0,0,0,,1,jWUCpwVuD9XDmFUSFCJC,MDG51NJqfQAP67f5ZbLB,2,10,3
2002-11-09,1,534,0,0,8.9,100,40,18,1,0,0,0,,1,AA3LCqSxGxG6YjMztBlE,ZugJdXRi4fckDcfsFSS2,2,10,3
2002-11-02,1,539,0,0,8.98,100,40,18,1,0,0,0,,1,KXRjIT7nwd0A2JxyFnnJ,fFV86CwUaLd2Ely9R8EB,2,10,3
2002-10-27,1,558,0,0,9.3,100,40,18,1,0,0,0,,1,Td7kls9Qj6oCljsUU6CA,E3EAgXgd6cRs1FM5RlEf,2,10,3
2002-10-19,1,537,0,0,8.95,100,40,18,1,0,0,0,,1,MoWUUrTwuMREmzeCbCfw,EKvXpVFnECImjgYMZL0L,2,10,3
2002-10-05,1,541,0,0,9.02,100,40,18,1,0,0,0,,1,aSu2wX7LQ8OWxVcEFnoo,wAXtBlCAsWyKVaHk6RgK,2,10,3